Dell|E6230i5-3320m|12.5|Intel Ci5-3320m|4|250|696897763632|399|https://www.frys.com/product/9907916?site=sr:SEARCH:MAIN_RSLT_PG|"Dell E6230 12.5'" Refurbished Laptop With Intel Ci5-3320m Processor, 4GB Memory, 250GB Hard Drive, Windows 10"|2019-09-24 17:48
Lenovo|N21CeleronN2840|11.6|Intel Celeron N2840|4|16|696897764257|199|https://www.frys.com/product/9914956?site=sr:SEARCH:MAIN_RSLT_PG|"Lenovo N21 11.6'" Refurbished Chromebook With Intel Celeron N2840 Processor, 4GB Memory, 16GB Storage, Chrome OS"|2019-09-24 17:48
Lenovo|TPX220i5-2520M|12.5|Intel Ci5-2520M|4|160|696897752902|349|https://www.frys.com/product/9831155?site=sr:SEARCH:MAIN_RSLT_PG|"Lenovo TP X220 12.5'" Refurbished Laptop With Intel Ci5-2520M Processor, 4GB Memory, 160GB Hard Drive, Windows 10"|2019-09-24 17:48
HP|8470PCi5-3230M|14.0|Intel Core i5-3230M|8|320|696897734717|399|https://www.frys.com/product/9647583?site=sr:SEARCH:MAIN_RSLT_PG|"HP 8470P 14'" Refurbished Laptop with Intel Core i5-3230M Processor 8GB Memory, 320GB Hard Drive,DVD, Windows 10 **90 Days Warranty**"|2019-09-24 17:48
Lenovo|TPX240i5-4300U|12.5|Intel Ci5-4300u|8|500|696897764264|399|https://www.frys.com/product/9914966?site=sr:SEARCH:MAIN_RSLT_PG|"Lenovo TP X240 12.5'" Refurbished Laptop With Intel Ci5-4300u Processor, 8GB Memory, 500GB Hard Drive, Windows 10"|2019-09-24 17:48
Dell|E6440Ci5-4200M|14.0|Intel Ci5-4200M|16|512|724962745983|599|https://www.frys.com/product/9939176?site=sr:SEARCH:MAIN_RSLT_PG|"Dell E6440 14'" Refurbished Laptop With Intel Ci5-4200M Processor, 16GB Memory, 512GB SSD, Windows 10"|2019-09-24 17:48
Lenovo|T420Ci5-2520M|14.1|Ci5-2520M|4|250|696897743108|349|https://www.frys.com/product/9721554?site=sr:SEARCH:MAIN_RSLT_PG|"Lenovo T420 14.1'" Refurbished Laptop With Ci5-2520M Processor, 4GB Memory, 250GB Hard Drive and Windows 10"|2019-09-24 17:48
Dell|E7440Ci5-4200U|14.0|Intel Ci5-4200U|8|128|696897751165|499|https://www.frys.com/product/9799944?site=sr:SEARCH:MAIN_RSLT_PG|"Dell E7440 14'" Touchscreen Refurbished Laptop With Intel Ci5-4200U Processor, 8GB Memory, 128GB SSD, Windows 10"|2019-09-24 17:48
Lenovo|X131EIntel1007U|11.6|Intel Celeron 1007U|4|320|696897751226|249|https://www.frys.com/product/9797874?site=sr:SEARCH:MAIN_RSLT_PG|"Lenovo X131E 11.6'" Refurbished Laptop With Intel Celeron 1007U Processor, 4GB Memory, 320GB Hard Drive, Windows 10 Home"|2019-09-24 17:48
Lenovo|TPT430i5-3210M|14.0|Intel Ci5-3210M|8|240|696897750199|449|https://www.frys.com/product/9779764?site=sr:SEARCH:MAIN_RSLT_PG|"Lenovo Thinkpad T430 14'" Refurbished Laptop With Intel Ci5-3210M Processor, 8GB Memory, 240GB SSD, Windows 10 Pro"|2019-09-24 17:48
HP|EB8440Pi5-520M|14.0|Intel Ci5-520M|4|160|696897763816|249|https://www.frys.com/product/9911496?site=sr:SEARCH:MAIN_RSLT_PG|"HP EB 8440P 14'" Refurbished Laptop With Intel Ci5-520M Processor, 4GB Memory, 160GB Hard Drive, DVD Rom, Windows 10"|2019-09-24 17:48
Dell|E5440i5-4300U|14.0|Intel Ci5-4300U|8|120|696897752919|399|https://www.frys.com/product/9831245?site=sr:SEARCH:MAIN_RSLT_PG|"Dell E5440 14'" Refurbished Laptop With Intel Ci5-4300U Processor, 8GB Memory, 120GB SSD, Windows 10"|2019-09-24 17:48
HP|ChromeBkG4N2840|11.6|Intel Celeron N2840|2|16|724962748779|149|https://www.frys.com/product/9941276?site=sr:SEARCH:MAIN_RSLT_PG|"HP G4 11.6'" Refurbished Chromebook With Intel Celeron N2840 Processor, 2GB Memory, 16GB SSD, Chrome OS"|2019-09-24 17:48
Lenovo|TP11eCel.N2920|11.6|Intel Celeorn N2920|4|16|696897764240|149|https://www.frys.com/product/9914936?site=sr:SEARCH:MAIN_RSLT_PG|"Lenovo TP 11e 11.6'" Refurbished Chromebook With Intel Celeorn N2920 Processor, 4GB Memory, 16GB Storage, Chrome OS"|2019-09-24 17:48
Lenovo|TPT450i5-5200U|14.0|Intel Ci5-5200U|12|360|696897751318|549|https://www.frys.com/product/9841175?site=sr:SEARCH:MAIN_RSLT_PG|"Lenovo TP T450 14'" Refurbished Laptop With Intel Ci5-5200U Processor, 12GB Memory, 360GB SSD, Windows 10"|2019-09-24 17:48
HP|9470Ci5-3427U|14.0|Intel Ci5-3427U|8|180|696897734533|399|https://www.frys.com/product/9647553?site=sr:SEARCH:MAIN_RSLT_PG|"HP 9470 14'" Refurbished Laptop With Intel Ci5-3427U Processor, 8GB Memory, 180GB SSD, Windows 10 **90 Days Warranty**"|2019-09-24 17:48
Dell|Insp.5000Ryzen5|15.6|AMD Ryzen 5 2500U|8|1000|884116293217|599|https://www.frys.com/product/9922656?site=sr:SEARCH:MAIN_RSLT_PG|"Dell i5575-A217SLV-PUS 15.6'" FHD Laptop With AMD Ryzen 5 2500U Processor, 8GB Memory, 1TB Hard Drive, Windows 10"|2019-09-24 17:48
Lenovo|TPT440Pi5-4300M|14.0|Intel Ci5-4300M|8|120|696897751301|349|https://www.frys.com/product/9841165?site=sr:SEARCH:MAIN_RSLT_PG|"Lenovo TP T440P 14'" Refurbished Laptop With Intel Ci5-4300M Processor, 8GB Memory, 120GB SSD, Windows 10"|2019-09-24 17:48
Lenovo|TPX230i5-3320M|12.5|Intel Ci5-3320M|4|120|696897751325|279|https://www.frys.com/product/9841065?site=sr:SEARCH:MAIN_RSLT_PG|"Lenovo TP X230 12.5'" Refurbished Laptop With Intel Ci5-3320M Processor, 4GB Memory, 120GB SSD, Windows 10"|2019-09-24 17:48
HP|PB6470BCi5-3210M|14.0|Intel Ci5-3210M|8|500|696897751172|249|https://www.frys.com/product/9800005?site=sr:SEARCH:MAIN_RSLT_PG|"HP PB 6470B 14'" Refurbished Laptop With Intel Ci5-3210M Processor, 8GB Memory, 500GB Hard Drive, DVD-ROM, Windows 10"|2019-09-24 17:48
Dell|Insp14Ryzen53500U|14.0|AMD Ryzen5 3500U|8|""|884116315094|699|https://www.frys.com/product/9922666?site=sr:SEARCH:MAIN_RSLT_PG|"Dell i5485-A094SLV-PUS 14'" FHD Laptop With AMD Ryzen5 3500U Processor, 8GB Memory, 256GB SSD, Radeon Vega8 R5 Graphics, Windows 10"|2019-09-24 17:48
HP|17-by0063i7-8550U|17.3|Intel Ci7-8550U|8|1000|192545877015|699|https://www.frys.com/product/9914906?site=sr:SEARCH:MAIN_RSLT_PG|"HP 17-by0063cl 17.3'" Refurbished Touchscreen Laptop With Intel Ci7-8550U Processor, 8GB Memory, 1TB Hard Drive, Windows 10 - Pale Gold & Ash Silver"|2019-09-24 17:48
HP|15-da0021i5-8250U|15.6|Intel Ci5-8250U|8|1000|193015924024|599|https://www.frys.com/product/9914926?site=sr:SEARCH:MAIN_RSLT_PG|"HP 15-da0021cy 15.6'" Refurbished Touchscreen Laptop With Intel Ci5-8250U Processor, 8GB Memory, 16GB Optane Memory, 1TB Hard Drive, Windows 10 - Rose Gold"|2019-09-24 17:48
HP|15-db0051R32200U|15.6|AMD Ryzen R3 2200U|8|1000|192545876735|399|https://www.frys.com/product/9856025?site=sr:SEARCH:MAIN_RSLT_PG|"HP 15-db0051 15.6'" Refurbished Laptop With AMD Ryzen R3 2200U Processor, 8GB Memory, 1TB Hard Drive, Windows 10"|2019-09-24 17:48
HP|15-cr0087Ci5-8250U|15.6|Intel Ci5-8250U|8|1000|193015565371|649|https://www.frys.com/product/9939166?site=sr:SEARCH:MAIN_RSLT_PG|"HP 15-cr0087cl 15.6'" 2-in-1 Touchscreen Refurbished Laptop With Intel Ci5-8250U Processor, 8GB Memory, 1TB Hard Drive + 16GB Optane Memory, Windows 10 - PaleGold Ash Silver"|2019-09-24 17:48
HP|15-bq213Ryzen52500|15.6|AMD Ryzen 5 2500U|8|256|193015864566|649|https://www.frys.com/product/9911536?site=sr:SEARCH:MAIN_RSLT_PG|"HP 15-bq213cl 15.6'" Refurbished Touchscreen 2-in-1 Laptop With AMD Ryzen 5 2500U Processor, 8GB Memory, 256GB SSD, Windows 10"|2019-09-24 17:48
HP|15-cs0053i5-8250U|15.6|Intel Ci5-8250U|12|1000|192545671026|599|https://www.frys.com/product/9814085?site=sr:SEARCH:MAIN_RSLT_PG|"HP Pavilion 15-cs0053 15.6'" Touchscreen Refurbished Laptop With Intel Ci5-8250U Processor, 12GB Memory, 1TB Hard Drive, Windows 10"|2019-09-24 17:48
Lenovo|ThinkpadYoga11E|11.6|Intel Celeron N2930|4|320|696897736896|199|https://www.frys.com/product/9686093?site=sr:SEARCH:MAIN_RSLT_PG|"Lenovo Refurbished Thinkpad Yoga 11E 11.6'" Touchscreen 2-in-1 Laptop With Intel Celeron N2930 Processor, 4GB memory, 320GB HD and Windows10 Home"|2019-09-24 17:48
Acer|A315-RFRyzen32200U|15.6|Ryzen 3 2200U|8|1000|191114710968|449|https://www.frys.com/product/9914666?site=sr:SEARCH:MAIN_RSLT_PG|"Acer A315-41-R3RF 15.6'" Laptop With Ryzen 3 2200U Processor, 8GB Memory, 1TB Hard Drive, Windows 10"|2019-09-24 17:48
Lenovo|Idea330A6-9225|15.6|AMD A6-9225|8|1000|193268599833|399|https://www.frys.com/product/9778624?site=sr:SEARCH:MAIN_RSLT_PG|"Lenovo Ideapad 330 15.6'" Laptop With AMD A6-9225 Processor, 8GB Memory, 1TB Hard Drive and Windows 10"|2019-09-24 17:48
Acer|A315-98Ryzen52500U|15.6|Ryzen 5 2500U|8|256|191114925553|529|https://www.frys.com/product/9914786?site=sr:SEARCH:MAIN_RSLT_PG|"Acer A315-41-R98U 15.6'" Laptop With Ryzen 5 2500U Processor, 8GB Memory, 256GB SSD, Windows 10"|2019-09-24 17:48
HP|15-db0004Ryz32200U|15.6|AMD Ryzen3 2200U|8|1000|193015125926|399|https://www.frys.com/product/9930236?site=sr:SEARCH:MAIN_RSLT_PG|"HP 15-db0004dx 15.6'" Refurbished Laptop With AMD Ryzen3 2200U Processor, 8GB Memory, 1TB Hard Drive, DVD-RW, Windows 10"|2019-09-24 17:48
HP|15-db0005Ryz52500U|15.6|AMD Ryzen5 2500U|8|128|193015125933|479|https://www.frys.com/product/9930226?site=sr:SEARCH:MAIN_RSLT_PG|"HP 15-db0005dx 15.6'" Touchscreen Refurbished Laptop With AMD Ryzen5 2500U Processor, 8GB Memory, 128GB SSD, DVD-RW, Windows 10"|2019-09-24 17:48
HP|EB8460Pi5-2520M|14.0|Intel Ci5-2520M|4|160|696897763823|199|https://www.frys.com/product/9911506?site=sr:SEARCH:MAIN_RSLT_PG|"HP EB 8460P 14'" Refurbished Laptop With Intel Ci5-2520M Processor, 4GB Memory, 160GB Hard Drive, DVDROM, Windows 10"|2019-09-24 17:48
Lenovo|FY696897743115|14.1|Intel Ci5-520M|4|160|696897743115|217|https://www.frys.com/product/9721544?site=sr:SEARCH:MAIN_RSLT_PG|"Lenovo T410 14.1'" Refurbished Laptop With Intel Ci5-520M Processor, 4GB Memory, 160GB Hard Drive and Windows 10"|2019-09-24 17:48
Dell|i5485-A186R3-3200U|14.0|AMD Ryzen 3 3200U|4|128|884116315186|399|https://www.frys.com/product/9943646?site=sr:SEARCH:MAIN_RSLT_PG|"Dell i5485-A186SLV-PUS 14'" Laptop With AMD Ryzen 3 3200U Processor, 4GB Memory, 128GB SSD, Windows 10S"|2019-09-24 17:48
Lenovo|TPYoga11eInt.Cel|11.6|Intel Celeron N2940|4|128|678021763220|199|https://www.frys.com/product/9814445?site=sr:SEARCH:MAIN_RSLT_PG|"Lenovo Thinkpad Yoga 11e 11.6'" 2-in-1 Touchscreen Refurbished Laptop With Intel Celeron N2940 Processor, 4GB Memory, 128GB SSD, Windows 10 Pro"|2019-09-24 17:48
HP|17-by0062i5-8250U|17.3|Intel Ci5-8250U|8|1000|192545877008|549|https://www.frys.com/product/9914896?site=sr:SEARCH:MAIN_RSLT_PG|"HP 17-by0062cl 17.3'" Refurbished Laptop With Intel Ci5-8250U Processor, 8GB Memory, 1TB Hard Drive, Windows 10. Silver"|2019-09-24 17:48
HP|15-da0022i5-8250U|15.6|Intel Ci5-8250U|8|1000|193015923980|549|https://www.frys.com/product/9914916?site=sr:SEARCH:MAIN_RSLT_PG|"HP 15-da0022cy 15.6'" Refurbished Touchscreen Laptop With Intel Ci5-8250U Processor, 8GB Memory +16GB Optane Memory, 1TB Hard Drive, Windows 10 Office 365 Personal 1 Yr - White"|2019-09-24 17:48
HP|15-da0020i5-8250U|15.6|Intel Ci5-8250U|8|1000|193015924017|549|https://www.frys.com/product/9914976?site=sr:SEARCH:MAIN_RSLT_PG|"HP 15-da0020cy 15.6'" Refurbished Touchscreen Laptop With Intel Ci5-8250U Processor, 8GB Memory, 1TB Hard Drive + 16GB Optane, Windows 10 - Blue"|2019-09-24 17:48
Dell|G7790i7-9750H|17.3|New Intel 9th Generation Intel® Core|16|1000|884116315940|1999|https://www.frys.com/product/9896625?site=sr:SEARCH:MAIN_RSLT_PG|"Dell G7790-7940GRY-PUS 17.3'" Gaming Laptop With New Intel 9th Generation Intel® Core'" i7-9750H Processor, 16GB Memory, 1TB Hard Drive, 256GB SSD, RTX2070 8GB Graphics, Windows 10"|2019-09-24 17:48
Acer|A315-BWRyzen52500U|15.6|Ryzen 5 2500U|12|1000|191114906934|549|https://www.frys.com/product/9914776?site=sr:SEARCH:MAIN_RSLT_PG|"Acer A315-41-R3BW 15.6'" Laptop With Ryzen 5 2500U Processor, 12GB Memory, 1TB Hard Drive, Windows 10"|2019-09-24 17:48
HP|14-ba253cli5-8265U|14.0|Intel Ci5-8265U|8|1000|193015985872|574|https://www.frys.com/product/9911526?site=sr:SEARCH:MAIN_RSLT_PG|"HP 14-ba253cl 14'" Refurbished Touchscreen 2-in-1 Laptop With Intel Ci5-8265U Processor, 8GB Memory, 1TB Hard Drive +16GB Optane Memory, Windows 10"|2019-09-24 17:48
HP|17-ca0010A9-9425|17.3|AMD A9-9425|8|2000|193015986350|449|https://www.frys.com/product/9841135?site=sr:SEARCH:MAIN_RSLT_PG|"HP 17-ca0010 17.3'" Touchscreen Refurbished Laptop With AMD A9-9425 Processor, 8GB Memory, 2TB Hard Drive, DVDRW, Windows 10, MS Office 365"|2019-09-24 17:48
Dell|Insp145482i7-8565U|14.0|Intel Ci7-8565U|16|512|884116313120|1199|https://www.frys.com/product/9851135?site=sr:SEARCH:MAIN_RSLT_PG|"Dell i5482-7120SLV-PUS 14'" 2-in-1 Touchscreen Laptop With Intel Ci7-8565U Processor, 16GB Memory, 512GB SSD, Windows 10"|2019-09-24 17:48
HP|Folio1040G1i5-4300|14.0|Intel Ci5-4300u|8|120|696897761416|299|https://www.frys.com/product/9877955?site=sr:SEARCH:MAIN_RSLT_PG|"HP Folio 1040G1 14'" Refurbished Laptop With Intel Ci5-4300u Processor, 8GB Memory, 120GB SSD, Windows 10"|2019-09-24 17:48
Dell|Insp153580i7-8565U|15.6|Intel Ci7-8565U|8|1000|884116315445|799|https://www.frys.com/product/9850665?site=sr:SEARCH:MAIN_RSLT_PG|"Dell i3580-7445BLK-PUS 15.6'" Laptop With Intel Ci7-8565U Processor, 8GB Memory, 1TB Hard Drive, Windows 10"|2019-09-24 17:48
HP|EB9480mi5-4300U|14.0|Intel Ci5-4300U|8|512|696897751295|349|https://www.frys.com/product/9841105?site=sr:SEARCH:MAIN_RSLT_PG|"HP EB 9480m 14'" Refurbished Laptop With Intel Ci5-4300U Processor, 8GB Memory, 512GB SSD, Windows 10"|2019-09-24 17:48
Dell|Insp145481i58265U|14.0|Intel Ci5-8265U|8|256|884116314684|749|https://www.frys.com/product/9851405?site=sr:SEARCH:MAIN_RSLT_PG|"Dell i5481-5684GRY-PUS 14'" 2-in-1 Touchscreen Laptop With Intel Ci5-8265U Processor, 8GB Memory, 256GB SSD, Windows 10S"|2019-09-24 17:48
Acer|A315-90LCA9-9420e|15.6|AMD A9-9420e|12|1000|193199075475|449|https://www.frys.com/product/9871315?site=sr:SEARCH:MAIN_RSLT_PG|"Acer A315-21-90LC 15.6'" Laptop With AMD A9-9420e Processor, 12GB Memory, 1TB Hard Drive, Windows 10"|2019-09-24 17:48
Dell|Insp155000i78565|15.6|Intel Ci7-8565U|8|256|884116314851|849|https://www.frys.com/product/9876535?site=sr:SEARCH:MAIN_RSLT_PG|"Dell i5584-7851SLV-PUS 15.6'" Laptop With Intel Ci7-8565U Processor, 8GB Memory, 256GB SSD , Windows 10"|2019-09-24 17:48
Dell|Insp145481i3-8145U|14.0|Intel i3-8145U|4|128|884116313236|419|https://www.frys.com/product/9851315?site=sr:SEARCH:MAIN_RSLT_PG|"Dell i5481-3236GRY-PUS 14'" 2-in-1 Touchscreen Laptop With Intel i3-8145U Processor, 4GB Memory, 128GB SSD, Windows 10S"|2019-09-24 17:48
Samsung|NP730i78565U|13.3|Intel Ci7-8565U|8|256|887276338804|999.99|https://www.frys.com/product/9930286?site=sr:SEARCH:MAIN_RSLT_PG|"Samsung NP730XBE-K01US 13.3'" Laptop With Intel Ci7-8565U Processor, 8GB Memory, 256GB SSD, Windows 10"|2019-09-24 17:48
Samsung|NB9Peni7-8565U|13.3|Intel Ci7-8565U|8|512|887276319933|1399.99|https://www.frys.com/product/9922836?site=sr:SEARCH:MAIN_RSLT_PG|"Samsung NP930SBE-K01US 13.3'" 2-in-1 Touchscreen Laptop With Intel Ci7-8565U Processor, 8GB Memory, 512GB SSD, Windows 10"|2019-09-24 17:48
Dell|G5590i5-9300H|15.6|Intel New 9th Generation Intel® Core|8|1000|884116315926|999|https://www.frys.com/product/9896615?site=sr:SEARCH:MAIN_RSLT_PG|"Dell G5590-5926 15.6'" Laptop With Intel New 9th Generation Intel® Core'" i5-9300H Processor, 8GB Memory, 1TB Hard Drive +128GB SSD, GTX 1650 4GB Graphics, Windows 10 - BLACK"|2019-09-24 17:48
Dell|G5590-i7-9750HBLK|15.6|9th Generation Intel® Core|16|1000|884116315872|1249|https://www.frys.com/product/9896595?site=sr:SEARCH:MAIN_RSLT_PG|"Dell G5590-7872BLK-PUS 15.6'" Full HD Gaming Laptop With 9th Generation Intel® Core'" i7-9750H, 16GB Memory, 128GB SSD+ 1TB Hard Drive, NVIDIA GTX1660Ti 6GB Graphics and Windows 10, BLACK"|2019-09-24 17:48
Dell|G5590-i79750HWHT|15.6|9th Generation Intel® Core|16|1000|884116315889|1249|https://www.frys.com/product/9896605?site=sr:SEARCH:MAIN_RSLT_PG|"Dell G5590-7889WHT-PUS 15.6'" Full HD Gaming Laptop With 9th Generation Intel® Core'" i7-9750H, 16GB Memory, 128GB SSD+ 1TB Hard Drive, GTX1660Ti 6GB Graphics and Windows 10, White"|2019-09-24 17:48
HP|14-df0023i3-8130U|14.0|Intel Ci3-8130U|4|128|193424231362|317|https://www.frys.com/product/9861255?site=sr:SEARCH:MAIN_RSLT_PG|"HP 14-df0023 14'" Refurbished Laptop With Intel Ci3-8130U Processor, 4GB Memory, 128GB SSD, Windows 10"|2019-09-24 17:48
Samsung|FlashCel.N4000|13.3|Intel Celeron N4000|4|""|887276343402|349|https://www.frys.com/product/9930296?site=sr:SEARCH:MAIN_RSLT_PG|"Samsung Notebook Flash Charcoal 13.3'" Laptop With Intel Celeron N4000 Processor, 4GB Memory, 64GB eMMC, Windows 10 Home S mode."|2019-09-24 17:48
Acer|Swift1SF114-32-P7BG|14.0|Intel Pentiun N5000|4|""|191114869857|349|https://www.frys.com/product/9658613?site=sr:SEARCH:MAIN_RSLT_PG|"Acer Swift 1 14'" Laptop With Intel Pentiun N5000 Processor, 4GB Memory, 64GB eMMC, Windows 10"|2019-09-24 17:48
Acer|CB315-25TXA4-9120C|15.6|AMD A4-9120C|4|""|193199071583|279|https://www.frys.com/product/9871325?site=sr:SEARCH:MAIN_RSLT_PG|"Acer CB315-2H-25TX 15.6'" Chromebook With AMD A4-9120C Processor, 4GB Memory, 32GB eMMC, Chrome OS"|2019-09-24 17:48
Acer|A315-21-95KF|15.6|AMD A9-9420|6|1000|191114251423|349|https://www.frys.com/product/9815065?site=sr:SEARCH:MAIN_RSLT_PG|"Acer Aspire 3 A315-21-95KF 15.6'" Laptop With AMD A9-9420 Processor, 6GB Memory, 1TB Hard Drive, Windows 10"|2019-09-24 17:48
Samsung|XE500C13-K04US|11.6|""|4|16|887276201603|219|https://www.frys.com/product/9099197?site=sr:SEARCH:MAIN_RSLT_PG|"Samsung 11.6'" Chromebook with 4GB Memory, 16GB SSD, and Google Chrome OS"|2019-09-24 17:48
Acer|Aspire3A315-51-56GT|15.6|7th Generation Intel® Core|""|""|191114485637|399|https://www.frys.com/product/9576612?site=sr:SEARCH:MAIN_RSLT_PG|"Aspire 3 A315-51-56GT 15.6'" Laptop with 7th Generation Intel® Core'" i5-7200U processor 4GB, 1TB, 802.11ac Windows 10"|2019-09-24 17:48
Acer|A114-32-P7E5|14.0|Intel Pentium N5000|4|""|191114869840|299|https://www.frys.com/product/9657133?site=sr:SEARCH:MAIN_RSLT_PG|"Acer A114-32 14'" Laptop With Intel Pentium N5000 Processor, 4GB Memory, 64GB eMMC, Windows 10 Office 365 Included"|2019-09-24 17:48
Acer|Spin1SP111-33-C6UV|11.6|Intel Celeron N4000|4|""|191114870006|269|https://www.frys.com/product/9658883?site=sr:SEARCH:MAIN_RSLT_PG|"Acer SP111-C6 11.6'" 2-in-1 Touchscreen Laptop With Intel Celeron N4000 Processor, 4GB Memory, 64GB eMMC, Windows 10, Office 365 Included"|2019-09-24 17:48
Lenovo|S340-15IWLi78565U|15.6|Intel Ci7-8565U|8|""|193268985285|699|https://www.frys.com/product/9848365?site=sr:SEARCH:MAIN_RSLT_PG|"Lenovo Ideapad S340-15 15.6'" Full HD Laptop With Intel Ci7-8565U Processor, 8GB Memory, 256GB SSD, Windows 10"|2019-09-24 17:48
Acer|A315-31-C7CFCel.|15.6|""|4|500|191114594971|299|https://www.frys.com/product/9764044?site=sr:SEARCH:MAIN_RSLT_PG|"Acer Aspire 3 A315-31-C7CF 15.6'" Intel Celeron N3350 Processor, 4GB Memory, 500GB Hard Drive, Windows 10"|2019-09-24 17:48
Acer|A715-72G-79BH|15.6|Intel Ci7-8750H|8|1000|191114716694|849|https://www.frys.com/product/9657833?site=sr:SEARCH:MAIN_RSLT_PG|"Acer A715-72G 15.6'" Gaming Laptop With Intel Ci7-8750H Processor, 8GB Memory, 1TB Hard Drive, GTX 1050 4GB Graphics, Windows 10"|2019-09-24 17:48
Acer|Spin1SP111-33-P4VC|11.6|Intel Pentium N5000|4|""|191114869772|299|https://www.frys.com/product/9658983?site=sr:SEARCH:MAIN_RSLT_PG|"Acer SP111-P4 11.6'" 2-in1 Touchscreen Laptop With Intel Pentium N5000 Processor, 4GB Memory, 64GB eMMC, Windows 10, Office 365 Included"|2019-09-24 17:48
Acer|A315-53-55Y1|15.6|""|4|1000|191114796276|449|https://www.frys.com/product/9696993?site=sr:SEARCH:MAIN_RSLT_PG|"Acer A315-53 15.6'" Intel Ci5-8250U Processor Laptop with 4GB Memory +16GB Optane Memory, 1TB Hard Drive, Windows 10"|2019-09-24 17:48
Dell|Insp173785R32300U|17.3|AMD Ryzen 3 2300U|8|1000|884116315452|499|https://www.frys.com/product/9850865?site=sr:SEARCH:MAIN_RSLT_PG|"Dell i3785-A452BLK-PUS 17.3'" Laptop With AMD Ryzen 3 2300U Processor, 8GB Memory, 1TB Hard Drive, Windows 10"|2019-09-24 17:48
Ematic|EWT117|11.6|Intel Atom|2|32|815592023098|159|https://www.frys.com/product/9753524?site=sr:SEARCH:MAIN_RSLT_PG|"Ematic EWT117 11.6'" 2-in-1 Touchscreen Laptop With Intel Atom Processor, 2GB Memory, 32GB Storage, Windows 10"|2019-09-24 17:48
Samsung|XE500C13-K05US|11.6|Intel Celeron N3060|2|16|887276201610|169.99|https://www.frys.com/product/9099187?site=sr:SEARCH:MAIN_RSLT_PG|"Samsung Chromebook 11.6'" Laptop with Intel Celeron N3060 Processor, 2GB Memory, 16GB Storage, Google Chrome OS"|2019-09-24 17:48
Samsung|XE520QAB-K03US|12.2|Intel Celeron 3965Y|4|64|887276297132|449.99|https://www.frys.com/product/9737914?site=sr:SEARCH:MAIN_RSLT_PG|"Samsung XE520QAB-K03US 12.2'" Touchscreen 2-in-1 Chromebook Plus With Intel Celeron 3965Y Processor, 4GB Memory, 64GB Storage, Bulit in Pen, Chrome OS"|2019-09-24 17:48
HP|14-cd1055cli5-8265U|14.0|ntel Ci5-8265U|8|256|193808989636|599|https://www.frys.com/product/9944046?site=sr:SEARCH:MAIN_RSLT_PG|"HP 14-cd1055cl 14'" Refurbished Touchscreen 2-in-1 Laptop WithIntel Ci5-8265U Processor, 8GB Memory, 256GB SSD, Windows 10 - Silver"|2019-09-24 17:48
Acer|A715-79R9i7-8750H|15.6|Intel Ci7-8750H|8|256|191114868096|999|https://www.frys.com/product/9913866?site=sr:SEARCH:MAIN_RSLT_PG|"Acer A715-72G-79R9 15.6'" Laptop With Intel Ci7-8750H Processor, 8GB Memory, 256GB SSD, GTX 1050Ti 4GB Graphics, Windows 10"|2019-09-24 17:48
HP|15-cs0051i5-8250U|15.6|Intel Ci5-8250U|8|1000|192545876865|549|https://www.frys.com/product/9914886?site=sr:SEARCH:MAIN_RSLT_PG|"HP 15-cs0051cl 15.6'" Refurbished Laptop With Intel Ci5-8250U Processor, 8GB Memory +16GB Optane Memory, 1TB Hard Drive, Windows 10. Pale Gold"|2019-09-24 17:48
Acer|PH315-51-71FS|15.6|Intel Ci7-8750H|8|1000|191114870013|989|https://www.frys.com/product/9658243?site=sr:SEARCH:MAIN_RSLT_PG|"Acer PH315-71FS 15.6'" Gaming Laptop With Intel Ci7-8750H Processor, 8GB Memory, 1TB Hard Drive, GTX1060 6GB Graphics, Windows 10, NH.Q3FAA.007"|2019-09-24 17:48
Samsung|NP800G5H-XS1US|15.6|Intel Core i7|16|""|887276248820|1599.99|https://www.frys.com/product/9469981?site=sr:SEARCH:MAIN_RSLT_PG|"Samsung NP800G5H-X51US Odyssey 15.6'" Full HD Gaming Laptop With Intel Core i7 Processor, 16GB Memory 1TB Harddrive + 128GB SSD with NVIDIA GTX 1060 6GB Graphics and Windows 10"|2019-09-24 17:48
Dell|G3579Ci7-8750H|15.6|Intel Ci7-8750H|16|""|884116294009|949|https://www.frys.com/product/9922676?site=sr:SEARCH:MAIN_RSLT_PG|"Dell G3579-7009BLK-PUS 15.6'" FHD Laptop With Intel Ci7-8750H Processor, 16GB Memory, 512GB SSD, GTX1050Ti 4GB Graphics, Windows 10"|2019-09-24 17:48
Lenovo|IdeapadFlex6|14.0|Intel Ci7-8550U|16|512|192330716864|1199|https://www.frys.com/product/9802395?site=sr:SEARCH:MAIN_RSLT_PG|"Lenovo IdeaPad Flex 6 14'" Touchscreen 2-in-1 Laptop With Intel Ci7-8550U Processor, 16GB Memory, 512GB SSD, Windows 10"|2019-09-24 17:48
EVOO|EVL2in1-1332-BK|13.3|""|4|32|812550030471|299|https://www.frys.com/product/9696653?site=sr:SEARCH:MAIN_RSLT_PG|"EVOO 13.3'" Intel Celeron 2-in-1 Touchscreen Laptop With 4GB Memory, 32GB Hard Drive and Windows 10"|2019-09-24 17:48
Microsoft|DAJ-00001|13.5|Intel Ci7|8|""|889842227093|899|https://www.frys.com/product/9177868?site=sr:SEARCH:MAIN_RSLT_PG|"MS Surface 13.5'" Platinum Laptop With Intel Ci7 Processor, 8GB Memory, 256GB, Touch, Win10S DAJ-00001"|2019-09-24 17:48
LG|15Z970-A.AAS7U1|15.6|Ci7-7500U|16|512|719192611108|999|https://www.frys.com/product/9078147?site=sr:SEARCH:MAIN_RSLT_PG|"LG 15Z970S 15.6'" Touchscreen Laptop With Ci7-7500U Processor, 16GB Memory, 512GB SSD, Touch Windows 10"|2019-09-24 17:48
LG|15Z970-U.AAS5U1|15.6|Ci5-7200U|8|256|719192611115|499|https://www.frys.com/product/9078257?site=sr:SEARCH:MAIN_RSLT_PG|"LG 15Z970S 15.6'" Laptop With Ci5-7200U Processor, 8GB Memory, 256GB SSD, Windows 10"|2019-09-24 17:48
Lenovo|N21Cel.N2840|11.6|Intel Celeron|2|16|678021760557|89|https://www.frys.com/product/9695753?site=sr:SEARCH:MAIN_RSLT_PG|"Lenovo N21 Intel Celeron 11.6'" Refurbished Chromebook with 2GB Memory, 16GB SSD and Chrome OS"|2019-09-24 17:48
Lenovo|ThinkpadX131E|11.6|AMD E2-1800|4|320|696897744570|137|https://www.frys.com/product/9743104?site=sr:SEARCH:MAIN_RSLT_PG|"Lenovo TP X131E 11.6'" Refurbished Laptop With AMD E2-1800 Processor, 4GB Memory, 320GB Hard Drive, Windows 10 Home"|2019-09-24 17:48
Asus|F512RS51Ryzen53500U|15.6|AMD Ryzen5-3500U|8|512|192876294635|599|https://www.frys.com/product/9915926?site=sr:SEARCH:MAIN_RSLT_PG|"Asus F512DA-RS51 15.6'" Laptop With AMD Ryzen5-3500U Processor, 8GB Memory, 512GB SSD, Windows 10"|2019-09-24 17:48
Asus|X540YA-DB02E2-6110|15.6|AMD E2-6110|4|500|192876009420|249|https://www.frys.com/product/9877935?site=sr:SEARCH:MAIN_RSLT_PG|"Asus X540YA-DB02 15.6'" Laptop With AMD E2-6110 Processor, 4GB Memory, 500GB Hard Drive, Windows 10"|2019-09-24 17:48
HP|ENVY15-AQ273|15.6|Intel Ci7-8550U|8|256|192018251755|599|https://www.frys.com/product/9459621?site=sr:SEARCH:MAIN_RSLT_PG|"HP 15-aq273 15.6'" Refurbished Touchscreen 2-in-1 Laptop With Intel Ci7-8550U Processor, 8 GB DDR4 SDRAM, 256GB SSD, AMD Radeon R7 Graphics and Windows 10 Home"|2019-09-24 17:48
Samsung|FlashCel.N4000|13.3|Intel Celeron N4000|4|""|887276305561|349.99|https://www.frys.com/product/9913936?site=sr:SEARCH:MAIN_RSLT_PG|"Samsung Notebook Flash Charcoal 13.3'" Laptop With Intel Celeron N4000 Processor, 4GB Memory, 64GB eMMC, Windows 10 Home"|2019-09-24 17:48
Samsung|FlashPent.N5000|13.3|Intel Pentium N5000|4|""|887276305578|399.99|https://www.frys.com/product/9913946?site=sr:SEARCH:MAIN_RSLT_PG|"Samsung Notebook Flash Charcoal 13.3'" Laptop With Intel Pentium N5000 Processor, 4GB Memory, 64GB eMMC, Windows 10 Home"|2019-09-24 17:48
Asus|X540BA-RB94|15.6|AMD 2-Core A9|8|1000|889349989883|399|https://www.frys.com/product/9603633?site=sr:SEARCH:MAIN_RSLT_PG|"Asus X540BA-RB94 15.6'" Laptop with AMD 2-Core A9 Processor, 8GB Memory, 1TB Hard Drive and Windows 10"|2019-09-24 17:48
Lenovo|CarbonX1LT|14.0|Intel Ci7-3667U|8|120|696897744624|407.07|https://www.frys.com/product/9743074?site=sr:SEARCH:MAIN_RSLT_PG|"Lenovo Carbon X1 14'" Refurbished Laptop With Intel Ci7-3667U Processor, 8GB Memory, 120GB SSD, Windows 10 Pro"|2019-09-24 17:48
Lenovo|IP320Si5-8250U|15.6|Intel Ci5-8250U|8|1000|191999389877|464.07|https://www.frys.com/product/9888015?site=sr:SEARCH:MAIN_RSLT_PG|"Lenovo IP 320S 15.6'" Laptop With Intel Ci5-8250U Processor, 8GB Memory, 1TB Hard Drive, Windows 10"|2019-09-24 17:48
Lenovo|TPE450i3-5005U|14.0|Intel Ci3-5005U|4|500|696897750182|189|https://www.frys.com/product/9779534?site=sr:SEARCH:MAIN_RSLT_PG|"Lenovo E450 14'" Refurbished Laptop With Intel Ci3-5005U Processor, 4GB Memory, 500GB Hard Drive, Windows 10"|2019-09-24 17:48
Trekstor|99411|13.3|Intel Celeron|""|""|4046735994111|299|https://www.frys.com/product/9566252?site=sr:SEARCH:MAIN_RSLT_PG|"Trekstor 13.3'" 2-in-1 Laptop with Intel Celeron Processor, 4GB, 64GB,Touch,Windows 10"|2019-09-24 17:48
Ematic|EWT834QC|8.0|Intel Quad Core|1|""|815592024293|92.07|https://www.frys.com/product/9781284?site=sr:SEARCH:MAIN_RSLT_PG|"Ematic EWT834 8'" 2-in-1 Touchscreen PC with Intel Quad Core Processor, 1GB Memory, 16GB eMMC, Windows 10"|2019-09-24 17:48
MSI|GF62VR7RF-877|15.6|Intel Ci7-7700HQ|16|1000|824142151457|1149|https://www.frys.com/product/9302890?site=sr:SEARCH:MAIN_RSLT_PG|"MSI GF62VR877 15.6'" Gaming Laptop With Intel Ci7-7700HQ Processor, 16GB Memory, 1TB Hard Drive, GTX 1060 6GB Graphics, Windows 10"|2019-09-24 17:48
MSI|PS42i7-8550U|14.0|Intel Ci7-8550U|16|512|824142168233|1149|https://www.frys.com/product/9778594?site=sr:SEARCH:MAIN_RSLT_PG|"MSI PS42-059 14'" Gaming Laptop With Intel Ci7-8550U Processor, 16GB Memory, 512GB SSD, GeForce MX150 2GB Graphics, Win 10 Pro"|2019-09-24 17:48
Dell|G77790i7-8750H|17.3|Intel Ci7-8750H|16|1000|884116314523|1499|https://www.frys.com/product/9851415?site=sr:SEARCH:MAIN_RSLT_PG|"Dell G7790-7523GRY-PUS 17.3'" Gaming Laptop With Intel Ci7-8750H Processor, 16GB Memory, 1TB Hard Drive + 256GB SSD, RTX2060 6GB Graphics, Windows 10"|2019-09-24 17:48
Lenovo|IdeaPad330i7-8750H|15.6|Intel Ci7-8750H|16|1000|193124220062|899|https://www.frys.com/product/9802505?site=sr:SEARCH:MAIN_RSLT_PG|"Lenovo IdeaPad 330 15.6'" Laptop With Intel Ci7-8750H Processor, 16GB Memory + 16GB Optane Memory, 1TB Hard Drive, GTX 1050 4GB Graphics, Windows 10"|2019-09-24 17:48
Lenovo|IPFlex15i7-8565U|15.6|Ci7-8565U|16|512|193268842939|999|https://www.frys.com/product/9888585?site=sr:SEARCH:MAIN_RSLT_PG|"Lenovo Ideapad Flex-15 15.6'" 2-in-1 Touchscreen Laptop With Ci7-8565U Processor, 16GB Memory, 512GB SSD, GeForce MX230 2GB Graphics, Windows 10"|2019-09-24 17:48
Asus|X550ZA-WB11|""|""|""|""|889349071076|349|https://www.frys.com/product/8504569?site=sr:SEARCH:MAIN_RSLT_PG|Asus 550ZWB11 A10-7400P 15.6 Screen Size, 8GB, 1TB, DVDRW Radeon R6, Win8.1|2019-09-24 17:48
Dell|G3779-7927BLK-PUS|17.3|Intel® Core|16|1000|884116293927|999|https://www.frys.com/product/9594072?site=sr:SEARCH:MAIN_RSLT_PG|"Dell G3779-7927BLK-PUS, 17.3'" Laptop With Intel® Core'" i7 Processor, 16GB Memory,NVIDIA® GeForce® GTX 1050 Ti, 4GB GDDR5 Graphics Card, 1TB Hard Drive + 128GB Solid-State Drive and Windows 10 Home - Black"|2019-09-24 17:48
Lenovo|IP730S-13i7-8565U|13.3|Intel Ci7-8565U|16|512|193124681474|1049|https://www.frys.com/product/9888755?site=sr:SEARCH:MAIN_RSLT_PG|"Lenovo Ideapad 730S-13 13.3'" Laptop With Intel Ci7-8565U Processor, 16GB Memory, 512GB SSD, Windows 10"|2019-09-24 17:48
Acer|CB3-132-C0EH|11.6|Intel Celeron N3060|4|""|191114869901|203.67|https://www.frys.com/product/9657963?site=sr:SEARCH:MAIN_RSLT_PG|"Acer CB3-132 11.6'" Chromebook With Intel Celeron N3060 Processor, 4GB Memory, 32GB eMMC, Chrome OS"|2019-09-24 17:48
Dell|DellLatitudee7240|12.5|Intel Ci5-4310U|4|256|678021760410|367.57|https://www.frys.com/product/9099307?site=sr:SEARCH:MAIN_RSLT_PG|"Dell e7240 12.5'" Refurbished Laptop With Intel Ci5-4310U Processor, 4GB Memory, 256GB SSD, Windows 10 Professional"|2019-09-24 17:48
Dell|i5579-7961GRY-PUS|15.6|Intel Ci7-8550U|16|512|884116275961|899|https://www.frys.com/product/9340880?site=sr:SEARCH:MAIN_RSLT_PG|"Dell i5579-7961GRY 2 in 1 15.6'" Touchscreen Laptop With Intel Ci7-8550U Processor,16GB Memory, 512GB SSD and Windows 10"|2019-09-24 17:48
Dell|G3153579i7-8750H|15.6|Intel Ci7-8750H|8|1000|884116313649|799|https://www.frys.com/product/9852655?site=sr:SEARCH:MAIN_RSLT_PG|"Dell G3579-7649WHT-PUS 15.6'" Laptop With Intel Ci7-8750H Processor, 8GB Memory, 16GB Optane Memory, 1TB Hard Drive, GTX 1050Ti 4GB Graphics, Windows 10"|2019-09-24 17:48
Acer|SP714-51-M5CD|14.0|Intel i7-7Y75|8|256|191114595831|499|https://www.frys.com/product/9767974?site=sr:SEARCH:MAIN_RSLT_PG|"Acer Spin 7 SP714-51-M5CD 14'" Convertible 2-in-1 Touchscreen Laptop With Intel i7-7Y75 Processor, 8GB Memory, 256GB SSD, Windows 10"|2019-09-24 17:48
MSI|GL63-013i7-8750H|15.6|Intel Ci7-8750H|16|1000|824142175682|1499|https://www.frys.com/product/9882645?site=sr:SEARCH:MAIN_RSLT_PG|"MSI GL63 8SE-013 15.6'" Gaming Laptop With Intel Ci7-8750H Processor, 16GB Memory, 1TB Hard Drive + 256GB SSD, RTX2060 6GB Graphics, Windows 10"|2019-09-24 17:48
Lenovo|IdeaPadFlex5|15.6|Intel Ci7-8550U|16|1000|192330719025|899|https://www.frys.com/product/9802545?site=sr:SEARCH:MAIN_RSLT_PG|"Lenovo Ideapad Flex 5 15.6'" Touchscreen 2-in-1 Laptop With Intel Ci7-8550U Processor, 16GB Memory, 1TB Hard Drive + 256GB SSD, Windows 10"|2019-09-24 17:48
Dell|G3173779i5-8300H|17.3|Intel Ci5-8300H|8|1000|884116294221|643.07|https://www.frys.com/product/9852635?site=sr:SEARCH:MAIN_RSLT_PG|"Dell G3779-5221BLK-PUS 17.3'" Laptop With Intel Ci5-8300H Processor, 8GB Memory, 16GB Optane Memory, 1TB Hard Drive, GTX1050 4GB Graphics, Windows 10"|2019-09-24 17:48
Asus|X505BA-RH96-RD|15.6|AMD A9-9420|8|256|889349851784|399|https://www.frys.com/product/9496851?site=sr:SEARCH:MAIN_RSLT_PG|"Asus X505BA-RD 15.6'" LAptop With AMD A9-9420 Processor, 8GB Memory, 256GB SSD, Win 10"|2019-09-24 17:48
Dell|C3181-C901GRY-PUS|11.6|Intel Celeron N3060|4|64|884116312901|259|https://www.frys.com/product/9752154?site=sr:SEARCH:MAIN_RSLT_PG|"Dell C3181-C901GRY-PUS 11.6'" 2-in-1 Touchscreen Chromebook With Intel Celeron N3060 Processor, 4GB Memory, 64GB Storage, Chrome OS"|2019-09-24 17:48
Dell|i5379-7609GRY-PUS|13.3|Intel® Core|16|""|884116276609|899|https://www.frys.com/product/9341620?site=sr:SEARCH:MAIN_RSLT_PG|"Dell Inspiron 13 i5379-7609GRY-PUS, 13.3'" Touchscreen 2 in 1 Laptop With Intel® Core'" i7 Processor, 16GB Memory, 512GB Solid State Drive and Windows 10"|2019-09-24 17:48
Acer|PH315-51-74V4|""|Intel Core i7-8750H|""|256|191114718605|1194.07|https://www.frys.com/product/9658363?site=sr:SEARCH:MAIN_RSLT_PG|Acer PH315-74 Gaming Laptop with 8th Gen. Intel Core i7-8750H Processor, 16GB, 1TB+256GB SSD, GTX 1060 6GB, Win 10, NH.Q3FAA.004|2019-09-24 17:48
EPIK|ELL1201T-PR|12.5|Intel QC Purple|""|""|827396532072|135.47|https://www.frys.com/product/9614913?site=sr:SEARCH:MAIN_RSLT_PG|"EPIK Intel QC Purple 12.5'" Measured Diagonal 2GB, 32GB, Windows 10 ELL1201T-PR"|2019-09-24 17:48
Asus|C223NA-DH02-RD|11.6|Intel Celeron N3350|4|""|192876083291|199|https://www.frys.com/product/9711364?site=sr:SEARCH:MAIN_RSLT_PG|"Asus C223NA-RD 11.6'" Chromebook With Intel Celeron N3350 Processor, 4GB Memory, 32GB eMMC, Chrome OS"|2019-09-24 17:48
Asus|C523NA-DH02|15.6|Intel Celeron N3350|4|""|192876099223|233.76|https://www.frys.com/product/9768034?site=sr:SEARCH:MAIN_RSLT_PG|"Asus C523NA-DH02 15.6'" Chromebook With Intel Celeron N3350 Processor, 4GB Memory, 32GB eMMC, Chrome OS"|2019-09-24 17:48
Dell|Latitude7275|12.5|Core m5-6Y57|8|256|678021760663|317.57|https://www.frys.com/product/9773544?site=sr:SEARCH:MAIN_RSLT_PG|"Dell Latitude 7275 12.5'" Touchscreen Refurbished 2-in-1 Laptop With Core m5-6Y57 Processor, 8GB Memory, 256GB SSD, Windows 10 Professional"|2019-09-24 17:48
Acer|A315-21-92FX|15.6|AMD A9|12|1000|191114575475|379|https://www.frys.com/product/9483041?site=sr:SEARCH:MAIN_RSLT_PG|"Acer A315-21-92FX, 15.6'" Laptop With AMD A9 Processor, 12GB Memory, 1TB Hard Drive and Windows 10 Home"|2019-09-24 17:48
GOOGLEINC.|GA00123-US|12.3|Intel Ci5-7Y57|8|256|842776102287|999|https://www.frys.com/product/9369400?site=sr:SEARCH:MAIN_RSLT_PG|"Google Pixelbook 12.3'" Touchscreen Chromebook With Intel Ci5-7Y57 Processor, 8GB Memory,256GB SSD and Chrome OS."|2019-09-24 17:48
MSI|P658RD-021i7-8750H|15.6|Intel Ci7-8750H|16|256|824142170274|1099|https://www.frys.com/product/9848905?site=sr:SEARCH:MAIN_RSLT_PG|"MSI P65 8RD-021 15.6'" Gaming Laptop With Intel Ci7-8750H Processor, 16GB Memory, 256GB SSD, GTX 1050Ti Graphics, Windows 10 Pro"|2019-09-24 17:48
Dell|C3181-C895GRY-PUS|11.6|Intel Celeron N3060|4|32|884116312895|229.47|https://www.frys.com/product/9752134?site=sr:SEARCH:MAIN_RSLT_PG|"Dell C3181-C895GRY-PUS 11.6'" 2-in-1 Touchscreen Chromebok With Intel Celeron N3060 Processor, 4GB Memory, 32GB Storage, Chrome OS"|2019-09-24 17:48
Dell|i5577-7152BLK-PUS|15.6|""|""|""|884116275152|799|https://www.frys.com/product/9341530?site=sr:SEARCH:MAIN_RSLT_PG|"Dell Insp.15 Ci7-7700HQ 15.6'" Screen Size, 16GB, 1TB+128GB GTX 1050 4GB, Win 10"|2019-09-24 17:48
Lenovo|Ideapad310-15ABR|15.6|AMD A10-9600P|8|1000|191376077724|317.57|https://www.frys.com/product/9131978?site=sr:SEARCH:MAIN_RSLT_PG|"Lenovo Ideapad 310 AMD A10-9600P 15.6'" Laptop With 8GB Memory, 1TB Hard Drive, Windows 10"|2019-09-24 17:48
Asus|GL704-PS74Ci7-8750H|17.3|Intel Ci7-8750H|16|512|192876225288|1552|https://www.frys.com/product/9798104?site=sr:SEARCH:MAIN_RSLT_PG|"Asus GL704GW-PS74 17.3'" Gaming Laptop With Intel Ci7-8750H Processor, 16GB Memory, 512GB SSD, RTX2070 8GB Graphics, Windows 10"|2019-09-24 17:48
Dell|G5587-7835BLK-PUS|15.6|Intel® Core|16|1000|884116293835|908.07|https://www.frys.com/product/9572562?site=sr:SEARCH:MAIN_RSLT_PG|"Dell G5587-7835BLK-PUS, 15.6'" Laptop With Intel® Core'" i7 Processor, 16GB Memory,NVIDIA® GeForce® GTX 1050 Ti, 4GB GDDR5 Graphics Card,1TB Hard Drive + 256GB Solid-State Drive and Windows 10 Home - Black"|2019-09-24 17:48
Acer|G3-571-77KB|15.6|Intel Core i7-7700HQ|8|1000|191114526200|725.57|https://www.frys.com/product/9572192?site=sr:SEARCH:MAIN_RSLT_PG|"Acer Predator G3-571-77KB 15.6'" Laptop With Intel Core i7-7700HQ Processor, 8GB Memory, 1TB Hard Drive, GTX 1060 6GB Graphics, Windows 10"|2019-09-24 17:48
Asus|F441BA-DS95|14.0|AMD A9-9425|8|256|192876040553|371.07|https://www.frys.com/product/9721334?site=sr:SEARCH:MAIN_RSLT_PG|"Asus F441BA 14'" Laptop With AMD A9-9425 Processor, 8GB Memory, 256GB SSD and Windows 10"|2019-09-24 17:48
Asus|GL503GE-RS71|15.6|Intel Ci7-8750H|8|1000|889349993576|799|https://www.frys.com/product/9528002?site=sr:SEARCH:MAIN_RSLT_PG|"Asus GL503GE-RS71 15.6'" Gaming Laptop With Intel Ci7-8750H Processor, 8GB Memory, 1TB Hard Drive, GTX 1050TI 4GB Graphics, Windows 10"|2019-09-24 17:48
Asus|X505BA-RB94|15.6|AMD A9-9420|8|1000|889349756379|299|https://www.frys.com/product/9329900?site=sr:SEARCH:MAIN_RSLT_PG|"Asus X505BA 15.6'" Laptop With AMD A9-9420 Processor, 8GB Memory, 1TB Hard Drive, 802.11AC, Windows 10"|2019-09-24 17:48
Dell|i5770-7375SLV-PUS|17.3|""|""|""|884116294375|633.97|https://www.frys.com/product/9560252?site=sr:SEARCH:MAIN_RSLT_PG|"Dell Insp.17 Ci7-8550U 17.3'" Screen Size, 8GB,1TB+16GB Optane DVDRW, Windows 10"|2019-09-24 17:48
Asus|F505ZA-DB31|15.6|AMD R3-22200U|6|1000|192876018637|364.07|https://www.frys.com/product/9711374?site=sr:SEARCH:MAIN_RSLT_PG|"Asus F505ZA 15.6'" Laptop With AMD R3-22200U Processor, 6GB Memory, 1TB Hard Drive and Windows 10"|2019-09-24 17:48
Alienware|AW17R5-7092SLV-PUS|17.3|Intel® Core|16|1000|884116294092|1299|https://www.frys.com/product/9565532?site=sr:SEARCH:MAIN_RSLT_PG|"Dell Alienware 17 R5, 17.3'" Laptop with Intel® Core'" i7 Processor, 16GB Memory, NVIDIA® GeForce® GTX 1070, 8GB GDDR5 Graphics Card, 1TB Hard Drive + 8GB Solid State Drive and Windows 10 Home - Epic Silver"|2019-09-24 17:48
Dell|i5567-7291GRY|15.6|Intel Core i7|16|1000|884116219590|599|https://www.frys.com/product/8977423?site=sr:SEARCH:MAIN_RSLT_PG|"Dell i5567-7291GRY, 15.6'" Touchscreen Laptop With Intel Core i7 Processor, 16GB Memory,AMD Radeon R7 M445 4G DDR5 Graphics Card, 1TB Hard Drive and Windows 10"|2019-09-24 17:48
MSI|GS63VRStealthPro-4|15.6|Intel Ci7-6700HQ|16|""|824142144107|899|https://www.frys.com/product/9156908?site=sr:SEARCH:MAIN_RSLT_PG|"GS63VR Stealth Pro-422 15.6'" Laptop With Intel Ci7-6700HQ Processor, 16GB Memory, 1TB, GTX1060 6GB Windows 10"|2019-09-24 17:48
Trekstor|35031|14.0|""|""|""|4046735350313|249|https://www.frys.com/product/9566602?site=sr:SEARCH:MAIN_RSLT_PG|"Trekstor Primebook P14 14'" Measured Diagonal 4GB, 64GB, Win 10S 1Yr. Office 365 Included"|2019-09-24 17:48
Acer|PredatorG3-572-72YF|15.6|Intel Ci7-7700HQ|16|256|191114286456|901.07|https://www.frys.com/product/9572502?site=sr:SEARCH:MAIN_RSLT_PG|"Acer Predator 300 G3-572-72YF 15.6'" Gaming Laptop With Intel Ci7-7700HQ Processor, 16GB Memory, 1TB+256GB SSD GTX1060 6GB, Windows 10"|2019-09-24 17:48
Asus|R518UA-RS71T|15.6|Intel Ci7-7500U|8|1000|889349653906|498|https://www.frys.com/product/9101748?site=sr:SEARCH:MAIN_RSLT_PG|"Asus R518-71T 15.6'" 2-in-1 Laptop With Intel Ci7-7500U Processor, 8GB Memory, 1TB Hard Drive, Windows 10"|2019-09-24 17:48
Acer|A515-51-50RR|15.6|Intel® Core™ i5|8|1000|191114311332|360.57|https://www.frys.com/product/9483051?site=sr:SEARCH:MAIN_RSLT_PG|"Acer A515-51-50RR, 15.6'" Laptop With Intel® Core™ i5 Processor, 8GB Memory, 1TB Hard Drive and Windows 10 Home"|2019-09-24 17:48
Asus|UX390UA-XH74-BL|12.5|Intel Ci7-7500U|16|512|889349507230|899|https://www.frys.com/product/8943733?site=sr:SEARCH:MAIN_RSLT_PG|"Asus UX390UA 12.5'" Laptop With Intel Ci7-7500U Processor, 16GB Memory, 512GB SSD Windows 10 Professional"|2019-09-24 17:48
Alienware|AW15R3-7001SLV-PUS|15.6|""|16|1000|884116254652|899|https://www.frys.com/product/9126538?site=sr:SEARCH:MAIN_RSLT_PG|"Dell AW15R3 Ci7-7700HQ 15.6'"Laptop with 16GB Memory,1TB Hard Drive, GTX 1060 6GB Windows 10"|2019-09-24 17:48
Lenovo|20DH002TUS|15.6|AMD A10-7300|4|500|889233224601|249|https://www.frys.com/product/8480488?site=sr:SEARCH:MAIN_RSLT_PG|"Lenovo ThinkPad E555, AMD A10-7300, 15.6'" Laptop With 4GB Memory, 500GB Hard Drive, Windows 7 Pro"|2019-09-24 17:48
Samsung|FlashPent.N5000Wh|13.3|Intel Pentium N5000|4|""|887276332956|271|https://www.frys.com/product/9913956?site=sr:SEARCH:MAIN_RSLT_PG|"Samsung Notebook Flash Linen White 13.3'" Laptop With Intel Pentium N5000 Processor, 4Gb Memory, 64GB eMMc, Windows 10 Home"|2019-09-24 17:48
HP|15-bw073nr|15.6|""|4|500|191628761777|199|https://www.frys.com/product/9489491?site=sr:SEARCH:MAIN_RSLT_PG|"HP 15-bw073nr A6-9220 15.6'" Screen With 4GB Memory, 500GB Hard Drive, DVDRW Windows 10"|2019-09-24 17:48
Asus|GL502VM-DS74|15.6|""|16|1000|889349602041|899|https://www.frys.com/product/9088827?site=sr:SEARCH:MAIN_RSLT_PG|"Asus GL502VM-DS74 7th Generation Core i7-7700HQ, 15.6'" Gaming Laptop With 16GB Memory, 1TB Hard Drive + 128GB SSD, Windows 10"|2019-09-24 17:48
EPIK|ELL1201T-BK|12.5|Intel QC|2|32|827396532058|99|https://www.frys.com/product/9163448?site=sr:SEARCH:MAIN_RSLT_PG|"Epik Teqnio Intel QC 12.5'" Laptop with 2GB Memory, 32GB Storage, Windows 10 Black"|2019-09-24 17:48
Asus|TP203NA-DH22T-G|11.6|IntelQuad Core Pentium N4200|4|1000|192876099179|249|https://www.frys.com/product/9684783?site=sr:SEARCH:MAIN_RSLT_PG|"Asus TP203NA-DH22T-G 11.6'" 2-in-1 Touchscreen Laptop With IntelQuad Core Pentium N4200 Processor, 4GB Memory, 1TB HD and Windows 10"|2019-09-24 17:48
Asus|UX305CA-DHM4T|13.3|Intel Core M3|8|256|889349186787|498|https://www.frys.com/product/8650290?site=sr:SEARCH:MAIN_RSLT_PG|"Asus UX305CA-DHM4T, Intel Core M3, 13.3'" Touchscreen Laptop With 8GB Memory, 256GB SSD, Windows 10"|2019-09-24 17:48
Asus|R540NA-RS02|15.6|Intel® Dual-Core Celeron® N3350|4|500|889349892862|178.07|https://www.frys.com/product/9459381?site=sr:SEARCH:MAIN_RSLT_PG|"Asus R540NA-RS02, 15.6'" Laptop With Intel® Dual-Core Celeron® N3350 Processor, 4GB Memory, 500GB Hard Drive and Windows 10"|2019-09-24 17:48
Dell|i3565-A932BLK-PUS|15.6|""|4|1000|884116312932|199|https://www.frys.com/product/9686403?site=sr:SEARCH:MAIN_RSLT_PG|"Dell 15.6'" Touchscreen 7th Generation AMD A6-9225 Processor with Radeon'" R4 Graphics,4GB memory, 1TB Hard Drive and Windows 10"|2019-09-24 17:48
Acer|TMP446Ci5-5200U|14.0|Intel Ci5-5200U|8|500|724962746034|449|https://www.frys.com/product/9941286?site=sr:SEARCH:MAIN_RSLT_PG|"Acer Travel Mate P446 14'" Refurbished Laptop With Intel Ci5-5200U Processor, 8GB Memory, 500GB Hard Drive, Windows 10"|2019-09-24 17:48
Samsung|NP800G5H-X02US|15.6|Intel Ci7-7700HQ|8|1000|887276247670|1399.99|https://www.frys.com/product/9746594?site=sr:SEARCH:MAIN_RSLT_PG|"Samsung Odyssey Black 15.6'" Gaming Laptop With Intel Ci7-7700HQ Processor, 8GB Memory, 1TB Hard Drive, GTX1060 6GB Graphics, Windows 10 - Knights Black"|2019-09-24 17:48
HP|17-y027|17.3|""|12|2000|190781661078|464.07|https://www.frys.com/product/9205579?site=sr:SEARCH:MAIN_RSLT_PG|"HP 17.3'" Touch Screen Refurbished Laptops with 12GB Memory,2TB Hard Drive and Windows 10 with Office 365, Irish Purple"|2019-09-24 17:48
HP|17-y030|17.3|AMD A12|12|2000|190781661108|464.07|https://www.frys.com/product/9205629?site=sr:SEARCH:MAIN_RSLT_PG|"HP 17-y030 17.3'" Touchscreen Refurbished Laptop With AMD A12 Processor, 12GB Memory, 2TB Hard Drive and Windows 10"|2019-09-24 17:48
HP|17-s043|17.3|Intel Core i7-6500U|16|1000|889899332009|699|https://www.frys.com/product/8872302?site=sr:SEARCH:MAIN_RSLT_PG|"HP 17.3'" Touchscreen Laptop With Intel Core i7-6500U, 16GB Memory, 1TB Hard Drive, Windows 10 - Refurbished"|2019-09-24 17:48
Lenovo|59413201|11.6|Intel Core i5-4202Y|4|128|888631120300|349|https://www.frys.com/product/8136035?site=sr:SEARCH:MAIN_RSLT_PG|"Lenovo Miix 2, Intel Core i5-4202Y, 11.6'" Touch 2-in1 Laptop With 4GB Memory, 128GB SSD, Windows 8.1"|2019-09-24 17:48
HP|17-ca0009A9-9425|17.3|AMD A9-9425|8|2000|193015986077|399|https://www.frys.com/product/9856045?site=sr:SEARCH:MAIN_RSLT_PG|"HP 17-ca0009 17.3'" Touchscreen Refurbished Laptop With AMD A9-9425 Processor, 8GB Memory, 2TB Hard Drive, Windows 10"|2019-09-24 17:48
Microsoft|DAG-00001|13.5|Intel Core i5|""|""|889842170597|698|https://www.frys.com/product/9177828?site=sr:SEARCH:MAIN_RSLT_PG|"Microsoft Surface 13.5'" laptop with Intel Core i5 Processor,8GB, 256GB, Touch,Windows 10S DAG-00001-Platinum Color"|2019-09-24 17:48
Lenovo|IdeaPad310|15.6|Intel Core i7-6500U|12|1000|190576533580|399|https://www.frys.com/product/9013907?site=sr:SEARCH:MAIN_RSLT_PG|"Lenovo Ideapad 310 Intel Core i7-6500U 15.6'" Laptop With 12GB Memory, 1TB Hard Drive, Windows 10"|2019-09-24 17:48
Lenovo|Ideapad720S|14.0|Intel Ci7-7500U|16|512|191376122813|799|https://www.frys.com/product/9325050?site=sr:SEARCH:MAIN_RSLT_PG|"Lenovo Idea720S 14'" Laptop With Intel Ci7-7500U Processor, 16GB Memory, 512GB SSD, Windows 10 Geforce 940MX 2GB"|2019-09-24 17:48
Asus|UX430UA-DH74|14.0|Intel Ci7-8550U|16|512|889349815861|1099|https://www.frys.com/product/9377340?site=sr:SEARCH:MAIN_RSLT_PG|"Asus UX430UA 14'" Laptop With Intel Ci7-8550U Processor, 16GB Memory, 512GB SSD, Windows 10"|2019-09-24 17:48
MSI|GF759SC-027i7-9750|17.3|9th Generation Intel Ci7-9750H|16|""|824142181324|1199|https://www.frys.com/product/9897625?site=sr:SEARCH:MAIN_RSLT_PG|"MSI GF75 THIN 9SC-027 17.3'" FHD Gaming Laptop With 9th Generation Intel Ci7-9750H Processor, 16GB Memory, 512GB SSD, GTX1650 4GB Graphics, Windows 10"|2019-09-24 17:48
Asus|UX433FADH74i78565U|14.0|Intel Ci7-8565U|16|512|192876091821|1199|https://www.frys.com/product/9876345?site=sr:SEARCH:MAIN_RSLT_PG|"Asus UX433FA-DH74 14'" Laptop With Intel Ci7-8565U Processor, 16GB Memory, 512GB SSD, Windows 10"|2019-09-24 17:48
Asus|UX533FDDH74i7-8565U|15.6|Intel Ci7-8565U|16|512|192876114438|1399|https://www.frys.com/product/9876335?site=sr:SEARCH:MAIN_RSLT_PG|"Asus UX533FD-DH74 15.6'" Laptop With Intel Ci7-8565U Processor, 16GB Memory, 512GB SSD, GTX1050 2GB Graphics, Windows 10"|2019-09-24 17:48
Dell|Latitude11IPN3540|11.6|Intel Pentium N3540|4|128|696897735721|149|https://www.frys.com/product/9653673?site=sr:SEARCH:MAIN_RSLT_PG|"Dell Lat.11 11.6'" 3rd Party Refurbished Intel Pentium N3540 Laptop with 4GB Memory, 128GB SSD, Windows 10 **90 Days Warranty**"|2019-09-24 17:48
Lenovo|Ideapad700|15.6|Intel Core i7-6700HQ|16|1000|190576355564|499|https://www.frys.com/product/8861792?site=sr:SEARCH:MAIN_RSLT_PG|"Lenovo Ideapad 700 Intel Core i7-6700HQ, 15.6'",16GB Memory, 1TB Hard Drive + 128GB SSD, Windows 10 Laptop"|2019-09-24 17:48
HP|17-y028|17.3|AMD A12-9700P|12|2000|190781661085|414.07|https://www.frys.com/product/9205599?site=sr:SEARCH:MAIN_RSLT_PG|"HP 17-y028 AMD A12-9700P 17.3'" Touchscreen Laptop With 12GB Memory, 2TB Hard Drive, Windows 10 - Green(Refurbished)"|2019-09-24 17:48
Huawei|53010CAJ|13.9|Intel Ci7-8550U|16|512|886598055390|1499|https://www.frys.com/product/9572182?site=sr:SEARCH:MAIN_RSLT_PG|"Huawei MateBook X Pro, 13.9'" Touchscreen Laptop with Intel Ci7-8550U Processor, 16GB Memory, 512GB SSD, MX 150 2GB Graphics, Windows 10"|2019-09-24 17:48
Lenovo|TPX131Cel1007U|11.6|Intel Celeron 1007U|4|16|696897752674|99|https://www.frys.com/product/9827135?site=sr:SEARCH:MAIN_RSLT_PG|"Lenovo TP X131E 11.6'" Refurbished Chromebook With Intel Celeron 1007U Processor, 4GB Memory, 16GB Storage, Chrome OS"|2019-09-24 17:48
Dell|i3169-0011RED|11.6|Intel Core m3-6Y30|4|500|884116217282|324.57|https://www.frys.com/product/9120208?site=sr:SEARCH:MAIN_RSLT_PG|"Dell Inspiron 11 Intel Core m3-6Y30 11.6'" 2 in 1 Touchscreen Red Laptop With 4GB Memory, 500GB Hard Drive, Windows 10"|2019-09-24 17:48
Lenovo|80T700ACUS|15.6|Intel Pentium N3710|4|1000|190793580527|156.57|https://www.frys.com/product/9019117?site=sr:SEARCH:MAIN_RSLT_PG|"Lenovo Ideapad 110  15.6'" Laptop With Intel Pentium N3710 4GB Memory, 1TB Hard Drive, Windows 10"|2019-09-24 17:48
HP|17-x173|17.3|Intel® Core™ i7|8|1000|190781814368|499|https://www.frys.com/product/9205489?site=sr:SEARCH:MAIN_RSLT_PG|"HP 17-x173, 17.3'" Refurbished Laptop With Intel® Core™ i7 Processor, 8GB Memory, 1TB Hard Drive and Windows 10"|2019-09-24 17:48
Asus|UX333FADH51i58265U|13.3|Intel i5-8265U|8|256|192876197714|849|https://www.frys.com/product/9876975?site=sr:SEARCH:MAIN_RSLT_PG|"Asus UX333FA-DH51 13.3'" Laptop With Intel i5-8265U Processor, 8GB Memory, 256GB SSD, Windows 10"|2019-09-24 17:48
Dell|Insp145482i5-8265U|14.0|Intel Ci5-8265U|8|1000|884116313533|599|https://www.frys.com/product/9852645?site=sr:SEARCH:MAIN_RSLT_PG|"Dell i5482-5533SLV-PUS 14'" 2-in-1 Touchscreen Laptop With Intel Ci5-8265U Processor, 8GB Memory, 16GB Optane Memory, 1TB Hard Drive, Windows 10"|2019-09-24 17:48
Alienware|AW15R3-3831SLV|15.6|""|""|128|884116253808|1599|https://www.frys.com/product/8998363?site=sr:SEARCH:MAIN_RSLT_PG|"Dell AW15-3831 i7-6700HQ 15.6'" Measured Diagonal 16GB, 1TB+128GB SSD GTX1060 6GB, Win 10"|2019-09-24 17:48
Alienware|AW17R3-4175SLV|17.3|""|""|256|884116203223|1199|https://www.frys.com/product/8627470?site=sr:SEARCH:MAIN_RSLT_PG|Dell AW17 Ci7-6700HQ 17.3 Measured Diagonal 16GB,1TB+256GB SSD GTX 970M 3G, Win10|2019-09-24 17:48
HP|14-an010nr|14.0|AMD Quad Core E2|4|""|889899501627|199|https://www.frys.com/product/8837792?site=sr:SEARCH:MAIN_RSLT_PG|"HP 14-an010nr, 14'" Laptop With AMD Quad Core E2 Processor, 4GB Memory, 32GB eMMC Storage and Windows 10"|2019-09-24 17:48
Lenovo|ZA1Y0061US|12.2|Intel® Atom™ x5-Z8550|2|""|190940821633|278.07|https://www.frys.com/product/9082307?site=sr:SEARCH:MAIN_RSLT_PG|"Lenovo A12 12.2'" 2-in-1 Laptop with Halo Keyboard Intel® Atom™ x5-Z8550, 2GB RAM, 32GB ROM - Rose Gold"|2019-09-24 17:48
Asus|GL752VW-DH74|17.3|Intel i7 Full HD Gaming Laptop|""|""|889349201862|1149|https://www.frys.com/product/8650390?site=sr:SEARCH:MAIN_RSLT_PG|Asus ROG 17.3-inch Intel i7 Full HD Gaming Laptop|2019-09-24 17:48
Asus|X555DA-WS11|""|AMD A10|""|1000|889349313107|380|https://www.frys.com/product/8765061?site=sr:SEARCH:MAIN_RSLT_PG|Asus X555DA 15.6 Inch Laptop AMD A10, 8 GB, 1TB HDD, Windows 10|2019-09-24 17:48
Dell|i3452-5600BLK|14.0|2GB Memory|2|32|884116168027|99|https://www.frys.com/product/8519169?site=sr:SEARCH:MAIN_RSLT_PG|"New Dell Inspiron 14'" Intel Celeron Laptop with 2GB Memory, 32GB SSD with Windows 10"|2019-09-24 17:48
HP|14-an090nr|14.0|AMD Quad Core|4|500|190780345191|249|https://www.frys.com/product/9031187?site=sr:SEARCH:MAIN_RSLT_PG|"HP 14-an090nr, 14'" Laptop With AMD Quad Core Processor, 4GB Memory, 500GB Hard Drive and Windows 10"|2019-09-24 17:48
Alienware|AW15R3-0012SLV|15.6|""|""|""|884116253822|799|https://www.frys.com/product/8998353?site=sr:SEARCH:MAIN_RSLT_PG|"Dell ALW15-12 Ci5-6300HQ 15.6'" Measured Diagonal 8GB, 1TB, GTX 1060 6GB Windows 10"|2019-09-24 17:48
Asus|UX360CA-DBM2T|13.3|Zenbook Flip Intel M3|""|512|889349406816|719|https://www.frys.com/product/8860122?site=sr:SEARCH:MAIN_RSLT_PG|Asus 13.3-inch Zenbook Flip Intel M3 8GB 512GB SSD Touchscreen Laptop - Grey|2019-09-24 17:48
Asus|E403SA-US21|14.0|Intel Pentium Quad Core 4GB|""|""|889349338568|359|https://www.frys.com/product/8765101?site=sr:SEARCH:MAIN_RSLT_PG|Asus VivoBook Intel Pentium Quad Core 4GB, 128GB eMMC 14-inch Full HD Laptop - Metallic Gray|2019-09-24 17:48
Asus|E200HA-US01-BL|11.6|VivoBook Intel Atom Quad Core 2GB 32GB Windows 10 Laptop - Dark Blue|""|""|889349317082|194|https://www.frys.com/product/8999273?site=sr:SEARCH:MAIN_RSLT_PG|"Asus 11.6'" VivoBook Intel Atom Quad Core 2GB 32GB Windows 10 Laptop - Dark Blue"|2019-09-24 17:48
Samsung|XE513C24-K01US|12.3|""|4|32|887276183961|499|https://www.frys.com/product/8974463?site=sr:SEARCH:MAIN_RSLT_PG|"Samsung ChromeBK Plus 12.3'" 2-in-1 Chrombook with 4GB Memory and 32GB Storage"|2019-09-24 17:48
HP|m6-aq105|15.6|Intel Core i7-7500U|16|1000|190780864111|553.57|https://www.frys.com/product/9059967?site=sr:SEARCH:MAIN_RSLT_PG|"HP m6-aq105 Intel Core i7-7500U, 15.6'" Refurbished Touchscreen Laptop With 16GB Memory, 1TB Hard Drive, Windows 10"|2019-09-24 17:48
Acer|A315-41-R8UU|15.6|AMD Ryzen 5|8|1000|191114639825|499|https://www.frys.com/product/9576592?site=sr:SEARCH:MAIN_RSLT_PG|"Acer A315-41-R8UU, 15.6'" Laptop With AMD Ryzen 5 Processor, 8GB Memory, 1TB Hard Drive and Windows 10 Home"|2019-09-24 17:48
HP|11-v002|11.6|Intel Celeron N3060|4|""|190781118817|116.47|https://www.frys.com/product/9099497?site=sr:SEARCH:MAIN_RSLT_PG|"HP 11-v002, 11.6'" Refurbished Chromebook With Intel Celeron N3060 Processor, 4GB Memory, 16GB Solid State Drive and Chrome OS"|2019-09-24 17:48
HP|15-as043|15.6|Intel Core i7-6560U|16|256|190780050750|629.07|https://www.frys.com/product/8955383?site=sr:SEARCH:MAIN_RSLT_PG|"HP 15-as043 Intel Core i7-6560U 15.6'" Touchscreen Refurbished Laptop With 16GB Memory, 256GB SSD, Windows 10"|2019-09-24 17:48
Asus|G701VI-XS72K|17.3|Intel Core i7-7820HK|32|256|889349638095|2599|https://www.frys.com/product/9088837?site=sr:SEARCH:MAIN_RSLT_PG|"Asus G701VI-XS72K Intel Core i7-7820HK, 17.3'" Gaming Laptop With 32GB Memory, 2x256GB SSD, Windows 10 Professional"|2019-09-24 17:48
Lenovo|IP330Ryzen52500U|15.6|AMD Ryzen 5 2500U|12|2000|193124218236|450.07|https://www.frys.com/product/9888005?site=sr:SEARCH:MAIN_RSLT_PG|"Lenovo IP 330-15ARR 15.6'" Touchscreen Laptop With AMD Ryzen 5 2500U Processor, 12GB Memory, 2TB Hard Drive, Radeon Vega8 Graphics, Windows 10"|2019-09-24 17:48
Asus|G752VS-XB72K|17.3|""|""|""|889349463901|1899|https://www.frys.com/product/8911903?site=sr:SEARCH:MAIN_RSLT_PG|"Asus G752-72K i7-6820HK 17.3'" Measured Diagonal 32GB, 1TB+256GB, DVDRW GTX1070  8GB, Win 10 Pro"|2019-09-24 17:48
Acer|SP111-31N-C4UG|11.6|""|4|""|191114173046|149|https://www.frys.com/product/9767944?site=sr:SEARCH:MAIN_RSLT_PG|"Acer Spin1 SP111-31N 11.6'" 2-in-1 Touchscreen Laptop Intel Celeron N3350 Processor, 4GB Memory, 32GB eMMC, Windows 10, OFfice 365 and Stylus Included"|2019-09-24 17:48
Huawei|53010BAJ|15.6|Intel Ci5-8250U|8|1000|886598052443|399|https://www.frys.com/product/9501452?site=sr:SEARCH:MAIN_RSLT_PG|"HUAWEI Matebook D 15.6'" Laptop With Intel Ci5-8250U Processor, 8GB Memory, 1TB Hard Drive, NVIDIA MX150 2G Graphics, Windows 10 - 53010BAJ"|2019-09-24 17:48
Dell|i3567-5385BLK-PUS|15.6|Intel Ci5-7200U|8|1000|884116277385|399|https://www.frys.com/product/9572672?site=sr:SEARCH:MAIN_RSLT_PG|"Dell Insp.15 15.6'" Laptop With Intel Ci5-7200U Processor, 8GB Memory, 1TB Hard Drive, DVDRW, Windows 10"|2019-09-24 17:48
Lenovo|Ideapad700|15.6|Intel Core i7-6700HQ|16|1000|190725431866|731.17|https://www.frys.com/product/8861732?site=sr:SEARCH:MAIN_RSLT_PG|"Lenovo Ideapad 700 Intel Core i7-6700HQ 15.6'" Laptop With 16GB Memory, 1TB Hard Drive + 256GB SSD, Windows 10"|2019-09-24 17:48
LG|14Z970-A.AAS5U1|14.0|""|""|256|719192611139|599|https://www.frys.com/product/9206709?site=sr:SEARCH:MAIN_RSLT_PG|"LG 14Z970 Ci5-7200U 14'" Measured Diagonal 8GB, 256GBSSD, Touch Windows 10"|2019-09-24 17:48
Lenovo|Ideapad510|15.6|Intel Core i7-6500U|12|""|190576526193|599|https://www.frys.com/product/8861722?site=sr:SEARCH:MAIN_RSLT_PG|"Lenovo Ideapad 510 Intel Core i7-6500U, 15.6'" Laptop With 12GB Memory, 1TB, Windows 10"|2019-09-24 17:48
Dell|i5570-7337SLV-PUS|15.6|Intel® Core™ i7|8|1000|884116294337|599|https://www.frys.com/product/9560162?site=sr:SEARCH:MAIN_RSLT_PG|"Dell 15 KBL-R, 15.6'" Laptop With Intel® Core™ i7 Processor, 8GB Memory,Intel® UHD Graphics 620 Graphics Card,1TB Hard Drive and Windows 10 Home - Platinum Silver"|2019-09-24 17:48
MSI|GP73Leopard-001|17.3|Intel® Core|16|1000|824142159859|1004.57|https://www.frys.com/product/9525382?site=sr:SEARCH:MAIN_RSLT_PG|"MSI GP73 Leopard-001, 17.3'" Laptop with Intel® Core'" i7 Processor, 16GB Memory, NVIDIA GeForce® GTX1050TI 4G GDDR5 Graphics Card, 1TB Hard Drive + 128GB Solid State Drive and Windows 10"|2019-09-24 17:48
HP|14-bw065nr|14.0|""|4|""|191628043842|179|https://www.frys.com/product/9240609?site=sr:SEARCH:MAIN_RSLT_PG|"HP 14-bw065nr E2-9000e 14'" Laptop With 4GB Memory, 32eMMC, Windows 10"|2019-09-24 17:48
Dell|i5575-A347SLV-PUS|15.6|AMD Ryzen 5 2500U|16|1000|884116293347|599|https://www.frys.com/product/9502932?site=sr:SEARCH:MAIN_RSLT_PG|"Dell AMD Ryzen 5 2500U 15.6'" Touchscreen Laptop With 16GB Memory, 1TB Hard Drive, DVDRW Windows 10"|2019-09-24 17:48
HP|14-ax050nr|14.0|Intel Celeron N3060|4|""|192018001930|199|https://www.frys.com/product/9424821?site=sr:SEARCH:MAIN_RSLT_PG|"HP 14-ax050nr 14'" Stream Book Purple Laptop With Intel Celeron N3060 Processor, 4GB Memory, 64GB eMMC, Windows 10 - MS Office 365 included"|2019-09-24 17:48
Dell|i5570-7262SLV-PUS|15.6|Intel® Core|12|2000|884116277262|599|https://www.frys.com/product/9495691?site=sr:SEARCH:MAIN_RSLT_PG|"Dell i5570-7262SLV-PUS, 15.6'" Laptop with Intel® Core'" i7 Processor, 12GB Memory, 2TB Hard Drive and Windows 10 Home - Silver"|2019-09-24 17:48
Lenovo|Flex4-15|15.6|Intel® Core™ i7|16|""|190576402855|699|https://www.frys.com/product/8861702?site=sr:SEARCH:MAIN_RSLT_PG|"Lenovo Flex4-15, 15.6'" Touchscreen Convertible Laptop With Intel® Core™ i7 Processor, 16GB Memory, 256GB Solid-State D"|2019-09-24 17:48
Lenovo|Y700|15.6|AMD FX-8800P|12|1000|190576955054|599|https://www.frys.com/product/8861652?site=sr:SEARCH:MAIN_RSLT_PG|"Lenovo Y700 AMD FX-8800P 15.6'" Laptop with 12GB Memory, 1TB Hard Drive, Windows 10"|2019-09-24 17:48
Dell|i3558-14590BLK|15.6|Intel Ci5-5200U|8|1000|884116216667|377|https://www.frys.com/product/8860332?site=sr:SEARCH:MAIN_RSLT_PG|"Dell Inspiron 15 Intel Ci5-5200U, 15.6'" Laptop With 8GB Memory, 1TB Hard Drive, Windows 10"|2019-09-24 17:48
Dell|i3162-2040BLU|11.6|Intel Celeron N3050|2|32|884116219941|137|https://www.frys.com/product/8977553?site=sr:SEARCH:MAIN_RSLT_PG|"Dell Inspiron 11 Intel Celeron N3050 11.6'" Laptop With 2GB Memory, 32GB Storage, Windows 10"|2019-09-24 17:48
Dell|i3168-3271BLU|11.6|Intel Pentium N3710|4|500|884116217367|277|https://www.frys.com/product/8860292?site=sr:SEARCH:MAIN_RSLT_PG|"Dell Insprion 11 Intel Pentium N3710, 11.6'" Touchscreen Convertible Laptop With 4GB Memory, 500GB Hard Drive, Windows 10"|2019-09-24 17:48
Asus|S510UA-DS71|15.6|Intel Ci7-8550U|8|1000|889349896570|599|https://www.frys.com/product/9466921?site=sr:SEARCH:MAIN_RSLT_PG|"Asus S510UA-DS71 15.6'" Laptop With Intel Ci7-8550U Processor, 8GB Memory,1TB Hard Drive + 128GB SSD, Full HD, Windows 10"|2019-09-24 17:48
Lenovo|Ideapad100|15.6|Intel Core i5-5200U|4|1000|190151712348|299|https://www.frys.com/product/8862092?site=sr:SEARCH:MAIN_RSLT_PG|"Lenovo Ideapad 100 Intel Core i5-5200U, 15.6'" Laptop With 4GB Memory, 1TB Hard Drive, Windows 10"|2019-09-24 17:48
Asus|R518UA-RS51T|15.6|Intel 7th Generation Core i5-7200U|8|1000|889349653890|449|https://www.frys.com/product/9101798?site=sr:SEARCH:MAIN_RSLT_PG|"Asus R518UA-RS51T Intel 7th Generation Core i5-7200U, 15.6'" 2 -in-1 Laptop With 8GB Memory, 1TB Hard Drive, Windows 10"|2019-09-24 17:48
Lenovo|Ideapad110|15.6|AMD A4-7210|4|500|190576524373|178.07|https://www.frys.com/product/8862082?site=sr:SEARCH:MAIN_RSLT_PG|"Lenovo Ideapad 110 AMD A4-7210 15.6'" Laptop With 4GB Memory, 500GB Hard Drive, Windows 10"|2019-09-24 17:48
Acer|Aspire3A315-31-C514|15.6|Intel Cel.N3350|4|500|191114251416|218|https://www.frys.com/product/9341870?site=sr:SEARCH:MAIN_RSLT_PG|"Acer Aspire3 A315-31-C514, 15.6'" Laptop With Intel Cel.N3350, 4GB Memory, 500GB Hard Drive, Windows 10"|2019-09-24 17:48
Lenovo|Ideapad110|15.6|AMD A8-7410|8|1000|190576524540|212.57|https://www.frys.com/product/8862102?site=sr:SEARCH:MAIN_RSLT_PG|"Lenovo Ideapad 110 AMD A8-7410 15.6'" Laptop With 8GB Memory, 1TB Hard Drive, Windows 10"|2019-09-24 17:48
HP|m3-u003|13.3|Intel Core i5-6200U|8|128|889899556108|299|https://www.frys.com/product/9059977?site=sr:SEARCH:MAIN_RSLT_PG|"HP m3-u003 Intel Core i5-6200U, 13.3'" 2-in-1 Refurbished Laptop With 8GB Memory, 128GB SSD, Windows 10"|2019-09-24 17:48
Dell|i3452-0200BLK|14.0|Intel Celeron N3050|2|32|884116218753|149|https://www.frys.com/product/9014057?site=sr:SEARCH:MAIN_RSLT_PG|"Dell Iris 14 Intel Celeron N3050 14'" Laptop With 2GB Memory, 32GB Storage, Windows 10"|2019-09-24 17:48
Asus|X556UR-FB72|15.6|Intel Core i7-6500|16|1000|889349475225|499|https://www.frys.com/product/8928353?site=sr:SEARCH:MAIN_RSLT_PG|"Asus X556UR-FB72 15.6'" with Intel Core i7-6500 Processor,16GB Memory, 1TB Hard Drive, Windows 10"|2019-09-24 17:48
Asus|X541UA-RH71|15.6|Intel Core i7-6500U|12|1000|889349526217|399|https://www.frys.com/product/8981233?site=sr:SEARCH:MAIN_RSLT_PG|"Asus X541-RH71 15.6'" Laptop With Intel Core i7-6500U, 12GB Memory, 1TB Hard Drive, Windows 10"|2019-09-24 17:48
Dell|i5559-8013SLV|15.6|Intel Ci7-6500U  |16|1000|884116203537|599|https://www.frys.com/product/8849602?site=sr:SEARCH:MAIN_RSLT_PG|"Dell Inspiron 15, 15.6'" Touchscreen Laptop With 16GB Memory,Intel Ci7-6500U 1TB Hard Drive, Windows 10"|2019-09-24 17:48
HP|5MP95UA#ABA|14.0|Intel Celeron N3060|4|""|193424190409|149|https://www.frys.com/product/9789064?site=sr:SEARCH:MAIN_RSLT_PG|"HP 14-cb010nr 14'" Streambook With Intel Celeron N3060 Processor, 4GB Memory, 32GB eMMC, Windows 10 Home in S mode - Aqua Blue, Office 365 Personal 1Yr."|2019-09-24 17:48
Asus|UX303UB-DH74T|13.3|""|12|512|889349172940|798|https://www.frys.com/product/8650300?site=sr:SEARCH:MAIN_RSLT_PG|"Asus 13.3'" Touchscreen Laptop With 12GB Memory, Intel Ci7-6500U, 512GB SSD, Windows 10"|2019-09-24 17:48
Dell|i5565-A901RED-PUS|15.6|AMD FX-9800P|8|1000|884116255901|298|https://www.frys.com/product/9333760?site=sr:SEARCH:MAIN_RSLT_PG|"Dell i5565-A901RED, 15.6'" Laptop with AMD FX-9800P Processor, 8GB Memory, 1TB Hard Drive and Windows 10 - Red"|2019-09-24 17:48
Lenovo|80QQ002DUS|15.6|Intel Core i3-5020U|4|500|889955105943|219.07|https://www.frys.com/product/8597939?site=sr:SEARCH:MAIN_RSLT_PG|"Lenovo IdeaPad 100, Intel Core i3-5020U, 15.6'" Laptop With 4GB Memory, 500GB Hard Drive, Windows 10"|2019-09-24 17:48
Dell|i5775-A446SLV-PUS|17.3|AMD Ryzen|12|1000|884116293446|399|https://www.frys.com/product/9502972?site=sr:SEARCH:MAIN_RSLT_PG|"Dell Inspiron i5775-A446SLV-PUS, 17.3'" Laptop with AMD Ryzen'" 3 Processor, 12GB Memory, 1TB Hard Drive and Windows 10 Home - Platinum Silver"|2019-09-24 17:48
HP|15au030nr|15.6|Intel® Core™ i7|12|1000|889899504307|499|https://www.frys.com/product/8837012?site=sr:SEARCH:MAIN_RSLT_PG|"HP 15au030nr, 15.6'" Touchscreen Laptop With Intel® Core™ i7 Processor, 12GB Memory, 1TB Hard Drive and Windows 10"|2019-09-24 17:48
Asus|GL502VS-DB71|15.6|""|""|256|889349478745|999|https://www.frys.com/product/8958693?site=sr:SEARCH:MAIN_RSLT_PG|"Asus GL502VS i7-6700HQ 15.6'" Screen Size, 16GB, 1TB+256GB SSD GTX1070 8GB, Windows 10"|2019-09-24 17:48
Asus|G752VM-RB71|17.3|""|""|""|889349491928|999|https://www.frys.com/product/8911883?site=sr:SEARCH:MAIN_RSLT_PG|"Asus G752-RB71 i7-6700HQ 17.3'" Measured Diagonal 16GB, 1TB, DVDRW GTX1060  6GB, Win 10"|2019-09-24 17:48
Dell|i3552-4042BLK|15.6|Intel Celeron N3050|4|500|884116205944|169|https://www.frys.com/product/8711341?site=sr:SEARCH:MAIN_RSLT_PG|"Dell Inspiron 15, Intel Celeron N3050, 15.6'" Laptop With 4GB Memory, 500GB Hard Drive, Windows 10"|2019-09-24 17:48
HP|13-af012Ci7-8550U|13.3|Intel Ci7-8550U|8|256|192018107984|499|https://www.frys.com/product/9648063?site=sr:SEARCH:MAIN_RSLT_PG|"HP Spectre 13-af012 13.3'" Refurbished Touchscreen Laptop With Intel Ci7-8550U Processor, 8GB Memory, 256GB SSD, Windows 10"|2019-09-24 17:48
HP|ENVY13-ad065nr|13.3|Intel Ci5-7200U|8|128|191628223763|499|https://www.frys.com/product/9228719?site=sr:SEARCH:MAIN_RSLT_PG|"HP 13-ad065nr 13.3'" Laptop with Intel Ci5-7200U Processor, 8GB Memory, 128GB SSD, B&O, Windows 10"|2019-09-24 17:48
Asus|UX501VW-DS71T|15.6|Intel Ci7-6700HQ|""|512|889349251362|798|https://www.frys.com/product/8692690?site=sr:SEARCH:MAIN_RSLT_PG|"Asus 15.6'" UX501 4k Touchscreen Laptop with Intel Ci7-6700HQ Processor, 6GB, 512GB SSD, Touch GTX960M 2G, Win 10"|2019-09-24 17:48
Dell|i3169-0010BLU|11.6|Intel Core m3-6Y30|4|500|884116217275|266.2|https://www.frys.com/product/8849482?site=sr:SEARCH:MAIN_RSLT_PG|"Dell Inspiron 11 Intel Core m3-6Y30 11.6'" Convertible Touchscreen Laptop With 4GB Memory, 500GB Hard Drive, Windows 10"|2019-09-24 17:48
Dell|i5759-8835-SLV|17.3|Intel Ci7-6500U|16|2000|884116168843|599|https://www.frys.com/product/8627510?site=sr:SEARCH:MAIN_RSLT_PG|"Dell Inspiron 17 Intel Ci7-6500U, 17.3'" Touchscreen Laptop With 16GB Memory, 2TB Hard Drive, Windows 10"|2019-09-24 17:48
MSI|GE62ApachePro-413|15.6|Intel Core i7-5700HQ|16|1000|824142120989|699|https://www.frys.com/product/8602220?site=sr:SEARCH:MAIN_RSLT_PG|"MSI GE62 Apache Pro-413, Intel Core i7-5700HQ, 15.6'" Laptop With 16GB Memory, 1TB Hard Drive + 128GB SSD,NVIDIA® Geforce GTX970M Graphics and Windows 10"|2019-09-24 17:48
Asus|C223NA-DH02-GR|11.6|Intel Celeron N3350|4|""|192876071816|132.97|https://www.frys.com/product/9711354?site=sr:SEARCH:MAIN_RSLT_PG|"Asus C223NA-GR 11.6'" Chromebook With Intel Celeron N3350 Processor, 4GB Memory, 32GB eMMC, Chrome OS"|2019-09-24 17:48
Lenovo|20DL0075US|12.5|Intel Ci7-5600U|8|256|889800477362|699|https://www.frys.com/product/8610590?site=sr:SEARCH:MAIN_RSLT_PG|"Lenovo ThinkPad Yoga 12, Intel Ci7-5600U, 12.5'" Touchscreen Convertible Laptop With 8GB Memory, 256GB SSD, Windows 10 Pro"|2019-09-24 17:48
Alienware|AW15R4-7675SLV-PUS|15.6|Intel Core i7|16|1000|884116293675|899|https://www.frys.com/product/9560272?site=sr:SEARCH:MAIN_RSLT_PG|"Dell Alienware AW15R4-7675SLV-PUS, 15.6'" Gaming Laptop With Intel Core i7 Processor, 16GB Memory, 1TB Hard Drive + 8GB Solid-State Drive and Windows 10"|2019-09-24 17:48
Dell|i3168-0028BLU|11.6|Intel® Celeron|2|32|884116217299|149|https://www.frys.com/product/8860432?site=sr:SEARCH:MAIN_RSLT_PG|"Dell i3168-0028BLU, 11.6'",2-in-1 Touchscreen Laptop with Intel® Celeron Processor, 2GB Memory, 32GB Hard Drive and Windows 1"|2019-09-24 17:48
Acer|A315-21-4098|15.6|AMD A4|8|1000|191114445129|199|https://www.frys.com/product/9341850?site=sr:SEARCH:MAIN_RSLT_PG|"Acer A315-21-4098, 15.6'" Laptop with AMD A4 Processor, 8 GB Memory, 1TB Hard Drive and Windows 10 Home"|2019-09-24 17:48
HP|10-p020nr|10.1|""|2|""|190780619896|149|https://www.frys.com/product/9394610?site=sr:SEARCH:MAIN_RSLT_PG|"HP 10-p020nr IA x5-Z8350 10.1'" Screen With 2GB Memory, 32GB eMMC, Touch, 2 in 1, Windows 10"|2019-09-24 17:48
Dell|i3168-3272GRY|11.6|Intel Pentium N3710|4|500|884116217930|199|https://www.frys.com/product/8940443?site=sr:SEARCH:MAIN_RSLT_PG|"Dell Inspiron 11, Intel Pentium N3710, 11.6'" Touchscreen Convertible Laptop With 4GB Memory, 500GB Hard Drive, Windows 10"|2019-09-24 17:48
Lenovo|ZA0V0035US|10.1|Intel Atom x5-Z8550|4|64|190151294462|199|https://www.frys.com/product/9082317?site=sr:SEARCH:MAIN_RSLT_PG|"Lenovo Yoga Book 10.1'" 2 in 1 with Intel Atom x5-Z8550 Processor, 4GB RAM, 64GB Storage, Android 6.0 - Color Grey"|2019-09-24 17:48
HP|HPChromebook11|11.6|""|2|16|602573289884|49|https://www.frys.com/product/9273839?site=sr:SEARCH:MAIN_RSLT_PG|"HP CB11 11.6'" Refurbished Laptop With 2GB Memory, 16GB SSD, Chrome OS KIT-HP-28988"|2019-09-24 17:48
Asus|UX310UA-RB52|13.3|Intel i5|8|""|889349421444|245.75|https://www.frys.com/product/8943793?site=sr:SEARCH:MAIN_RSLT_PG|Asus Zenbook 13.3-inch Full HD IPS Laptop 8GB 1TB HDD Windows 10 Home Intel i5   - Aluminum|2019-09-24 17:48
