brand|cpu|graphics|hd|lastUpdated|link|model|price|ram|screenSize|store|title|upc
Lenovo|Intel Celeron|""|64GB eMMC Flash Memory|2019-09-28 07:06|https://www.bestbuy.com//site/lenovo-ideapad-130s-11-6-laptop-intel-celeron-4gb-memory-64gb-emmc-flash-memory-mineral-gray/6331986.p?skuId=6331986|81KT000AUS|209.99|4|11.6|Bestbuy|"Lenovo - IdeaPad 130S 11.6'" Laptop - Intel Celeron - 4GB Memory - 64GB eMMC Flash Memory - Mineral Gray"|6131501
||||2019-09-28 07:06|https://www.bestbuy.com//site/microsoft-surface-pro-6-12-3-touch-screen-intel-core-i5-8gb-memory-256gb-solid-state-drive-with-keyboard-black/6306014.p?skuId=6306014|LJM-00028|-1|||Bestbuy|"Microsoft - Surface Pro 6 - 12.3'" Touch Screen - Intel Core i5 - 8GB Memory - 256GB Solid State Drive - With Keyboard - Black"|6358843
Dell|Intel Core i7|GeForce MX250|512GB SSD + Optane|2019-09-28 07:06|https://www.bestbuy.com//site/dell-inspiron-15-6-7000-2-in-1-4k-ultra-hd-touch-screen-laptop-intel-core-i7-16gb-geforce-mx250-512gb-ssd-optane-black/6339275.p?skuId=6339275|I7590-7117BLK-PUS|1499.99|""|15.6|Bestbuy|"Dell - Inspiron 15.6'" 7000 2-in-1 4K Ultra HD Touch-Screen Laptop - Intel Core i7 - 16GB - GeForce MX250 - 512GB SSD + Optane - Black"|6359610
Apple|"13'" Display"|""|128GB Flash Storage|2019-09-28 07:06|https://www.bestbuy.com//site/apple-macbook-pro-13-display-intel-core-i5-8-gb-memory-128gb-flash-storage-silver/5721726.p?skuId=5721726|MPXR2LL/A|999.99|""|""|Bestbuy|"Apple - MacBook Pro® - 13'" Display - Intel Core i5 - 8 GB Memory - 128GB Flash Storage - Silver"|6364575
Lenovo|Snapdragon 850|""|128GB Solid State Drive (Verizon)|2019-09-28 07:06|https://www.bestbuy.com//site/lenovo-yoga-c630-wos-2-in-1-13-3-touch-screen-laptop-snapdragon-850-8gb-memory-128gb-solid-state-drive-verizon-iron-gray/6323660.p?skuId=6323660|81JL0018US|599.99|8|13.3|Bestbuy|"Lenovo - Yoga C630 WOS 2-in-1 13.3'" Touch-Screen Laptop - Snapdragon 850 - 8GB Memory - 128GB Solid State Drive (Verizon) - Iron Gray"|6323662
Samsung|AMD Ryzen 5|""|256GB Solid State Drive|2019-09-28 07:06|https://www.bestbuy.com//site/samsung-notebook-7-spin-2-in-1-15-6-touch-screen-laptop-amd-ryzen-5-8gb-memory-256gb-solid-state-drive-black-garnet/6334769.p?skuId=6334769|NP750QUB-K01US|799.99|8|15.6|Bestbuy|"Samsung - Notebook 7 Spin 2-in-1 15.6'" Touch-Screen Laptop - AMD Ryzen 5 - 8GB Memory - 256GB Solid State Drive - Black Garnet"|6364580
Acer|Intel Celeron|""|16GB eMMC Flash Memory|2019-09-28 07:06|https://www.bestbuy.com//site/acer-15-6-refurbished-chromebook-intel-celeron-2gb-memory-16gb-emmc-flash-memory-granite-gray/6202723.p?skuId=6202723|NX.GHJAA.007|133|2|15.6|Bestbuy|"Acer - 15.6'" Refurbished Chromebook - Intel Celeron - 2GB Memory - 16GB eMMC Flash Memory - Granite Gray"|6376417
ASUS|Intel Core i7|NVIDIA GeForce GTX 1050|1TB Hard Drive + 256GB SSD|2019-09-28 07:06|https://www.bestbuy.com//site/asus-17-3-gaming-laptop-intel-core-i7-16gb-memory-nvidia-geforce-gtx-1050-1tb-hard-drive-256gb-ssd-metal-star-gray/6333152.p?skuId=6333152|N705FDES76|1099.99|16|17.3|Bestbuy|"ASUS - 17.3'" Gaming Laptop - Intel Core i7 - 16GB Memory - NVIDIA GeForce GTX 1050 - 1TB Hard Drive + 256GB SSD - Metal Star Gray"|6296005
Dell|Intel Core i7|""|2TB Hard Drive|2019-09-28 07:06|https://www.bestbuy.com//site/dell-inspiron-17-3-laptop-intel-core-i7-16gb-memory-2tb-hard-drive-black/6347449.p?skuId=6347449|I3780-7766BLK-PUS|849.99|16|17.3|Bestbuy|"Dell - Inspiron 17.3'" Laptop - Intel Core i7 - 16GB Memory - 2TB Hard Drive - Black"|6333152
ASUS|Intel Celeron|""|64GB eMMC Flash Memory|2019-09-28 07:06|https://www.bestbuy.com//site/asus-15-6-chromebook-intel-celeron-4gb-memory-64gb-emmc-flash-memory-silver/6358061.p?skuId=6358061|C523NA-BCLN6|269|4|15.6|Bestbuy|"ASUS - 15.6'" Chromebook - Intel Celeron - 4GB Memory - 64GB eMMC Flash Memory - Silver"|6374412
ASUS|Intel Core i7|""|512GB SSD|2019-09-28 07:06|https://www.bestbuy.com//site/asus-zenbook-s-ux391fa-13-3-4k-ultra-hd-touch-screen-laptop-intel-core-i7-16gb-memory-512gb-ssd-deep-dive-blue/6329960.p?skuId=6329960|UX391FAXH74T|1499.99|16|13.3|Bestbuy|"ASUS - ZenBook S UX391FA 13.3'" 4K Ultra HD Touch-Screen Laptop - Intel Core i7 - 16GB Memory - 512GB SSD - Deep Dive Blue"|6307206
Apple|Intel Core i5|""|500GB Hard Drive|2019-09-28 07:06|https://www.bestbuy.com//site/apple-macbook-pro-13-3-refurbished-laptop-intel-core-i5-16gb-memory-500gb-hard-drive-silver/6136400.p?skuId=6136400|MD313LL/A16|679.99|16|13.3|Bestbuy|"Apple - Macbook Pro® 13.3'" Refurbished Laptop - Intel Core i5 - 16GB Memory - 500GB Hard Drive - Silver"|6344885
Acer|Intel Core i5|""|1TB Hard Drive|2019-09-28 07:06|https://www.bestbuy.com//site/acer-aspire-5-15-6-refurbished-laptop-intel-core-i5-4gb-memory-1tb-hard-drive-obsidian-black/6307209.p?skuId=6307209|NX.H1CAA.001|444.99|4|15.6|Bestbuy|"Acer - Aspire 5 15.6'" Refurbished Laptop - Intel Core i5 - 4GB Memory - 1TB Hard Drive - Obsidian Black"|6345092
ASUS|Intel Core i5|""|256GB Solid State Drive|2019-09-28 07:06|https://www.bestbuy.com//site/asus-vivobook-14-laptop-intel-core-i5-8gb-memory-256gb-solid-state-drive-metal-silver/6360987.p?skuId=6360987|S412FAXB51|699.99|8|14.0|Bestbuy|"ASUS - VivoBook 14'" Laptop - Intel Core i5 - 8GB Memory - 256GB Solid State Drive - Metal Silver"|6344882
HP|Intel Core i5|""|256GB Solid State Drive|2019-09-28 07:06|https://www.bestbuy.com//site/hp-pavilion-x360-2-in-1-15-6-touch-screen-laptop-intel-core-i5-8gb-memory-256gb-solid-state-drive-hp-finish-in-natural-silver/6344770.p?skuId=6344770|15-DQ0077NR|799.99|8|15.6|Bestbuy|"HP - Pavilion x360 2-in-1 15.6'" Touch-Screen Laptop - Intel Core i5 - 8GB Memory - 256GB Solid State Drive - HP Finish In Natural Silver"|6219230
HP|Intel Core i5|""|120GB Solid State Drive|2019-09-28 07:06|https://www.bestbuy.com//site/hp-elitebook-12-5-refurbished-laptop-intel-core-i5-8gb-memory-120gb-solid-state-drive-silver/6297020.p?skuId=6297020|820 G1-31268|252.99|8|12.5|Bestbuy|"HP - EliteBook 12.5'" Refurbished Laptop - Intel Core i5 - 8GB Memory - 120GB Solid State Drive - Silver"|6345084
Apple|Intel Core M|""|256GB Solid State Drive|2019-09-28 07:06|https://www.bestbuy.com//site/apple-macbook-12-refurbished-laptop-intel-core-m-8gb-memory-256gb-solid-state-drive-silver/5722607.p?skuId=5722607|MF855LL/A|879.99|8|12.0|Bestbuy|"Apple - Macbook® 12'" Refurbished Laptop - Intel Core M - 8GB Memory - 256GB Solid State Drive - Silver"|6342905
Acer|Intel Atom x5|""|32GB eMMC Flash Memory|2019-09-28 07:06|https://www.bestbuy.com//site/acer-11-6-chromebook-intel-atom-x5-4gb-memory-32gb-emmc-flash-memory-white/6359944.p?skuId=6359944|CB313219N7|219.99|4|11.6|Bestbuy|"Acer - 11.6'" Chromebook - Intel Atom x5 - 4GB Memory - 32GB eMMC Flash Memory - White"|6351543
ASUS|Intel Core i7|""|256GB Solid State Drive|2019-09-28 07:06|https://www.bestbuy.com//site/asus-zenbook-s-ux391ua-13-3-laptop-intel-core-i7-8gb-memory-256gb-solid-state-drive-burgundy-red-glass-burgundy-red-metal/6297122.p?skuId=6297122|UX391UAXB71R|1122.99|8|13.3|Bestbuy|"ASUS - ZenBook S UX391UA 13.3'" Laptop - Intel Core i7 - 8GB Memory - 256GB Solid State Drive - Burgundy Red Glass, Burgundy Red Metal"|6374414
Acer|AMD A4-Series|""|32GB eMMC Flash Memory|2019-09-28 07:06|https://www.bestbuy.com//site/acer-15-6-chromebook-amd-a4-series-4gb-memory-32gb-emmc-flash-memory-silver/6329236.p?skuId=6329236|CB3152H25TX|279.99|4|15.6|Bestbuy|"Acer - 15.6'" Chromebook - AMD A4-Series - 4GB Memory - 32GB eMMC Flash Memory - Silver"|6301722
HP|Intel Core i7|NVIDIA GeForce GTX 1650|256GB Solid State Drive|2019-09-28 07:06|https://www.bestbuy.com//site/hp-omen-by-hp-15-6-gaming-laptop-intel-core-i7-8gb-memory-nvidia-geforce-gtx-1650-256gb-solid-state-drive-shadow-black-carbon-fiber-pattern/6356992.p?skuId=6356992|15-DC1010NR|1049.99|8|15.6|Bestbuy|"HP - OMEN by HP 15.6'" Gaming Laptop - Intel Core i7 - 8GB Memory - NVIDIA GeForce GTX 1650 - 256GB Solid State Drive - Shadow Black, Carbon Fiber Pattern"|6348800
CyberPowerPC|Intel Core i7|NVIDIA GeForce GTX 1660 Ti|512GB Solid State Drive|2019-09-28 07:06|https://www.bestbuy.com//site/cyberpowerpc-tracer-iii-17-3-gaming-laptop-intel-core-i7-8gb-memory-nvidia-geforce-gtx-1660-ti-512gb-solid-state-drive-black/6350577.p?skuId=6350577|GT417SVR150|1369.99|8|17.3|Bestbuy|"CyberPowerPC - Tracer III 17.3'" Gaming Laptop - Intel Core i7 - 8GB Memory - NVIDIA GeForce GTX 1660 Ti - 512GB Solid State Drive - Black"|6318276
CyberPowerPC|Intel Core i7|NVIDIA GeForce GTX 1660 Ti|240GB Solid State Drive|2019-09-28 07:06|https://www.bestbuy.com//site/cyberpowerpc-tracer-iii-15-6-gaming-laptop-intel-core-i7-8gb-memory-nvidia-geforce-gtx-1660-ti-240gb-solid-state-drive-black/6350581.p?skuId=6350581|GT415SVR100|1269.99|8|15.6|Bestbuy|"CyberPowerPC - Tracer III 15.6'" Gaming Laptop - Intel Core i7 - 8GB Memory - NVIDIA GeForce GTX 1660 Ti - 240GB Solid State Drive - Black"|6375336
Dell|Intel Core i7|""|256GB Solid State Drive|2019-09-28 07:06|https://www.bestbuy.com//site/dell-xps-2-in-1-13-4-touch-screen-laptop-intel-core-i7-8gb-memory-256gb-solid-state-drive-platinum-silver-with-black-interior/6379243.p?skuId=6379243|XPS7390-7893SLV-PUS|1429.99|8|13.4|Bestbuy|"New!Dell - XPS 2-in-1 13.4'" Touch-Screen Laptop - Intel Core i7 - 8GB Memory - 256GB Solid State Drive - Platinum Silver With Black Interior"|6366938
||||2019-09-28 07:06|https://www.bestbuy.com//site/hp-folio-14-refurbished-laptop-intel-core-i5-6gb-memory-500gb-hard-drive-silver/5514208.p?skuId=5514208|9470M-1036|316.99|||Bestbuy|"HP - Folio 14'" Refurbished Laptop-Intel Core i5-6GB Memory - 500GB Hard Drive - Silver"|6377160
Gigabyte Technology|Intel Core i7|NVIDIA GeForce RTX 2060|512GB Solid State Drive|2019-09-28 07:06|https://www.bestbuy.com//site/gigabyte-technology-15-6-gaming-laptop-intel-core-i7-16gb-memory-nvidia-geforce-rtx-2060-512gb-solid-state-drive-black/6349950.p?skuId=6349950|AORUS 15-WA-F74ADW|1692.99|16|15.6|Bestbuy|"Gigabyte Technology - 15.6'" Gaming Laptop - Intel Core i7 - 16GB Memory - NVIDIA GeForce RTX 2060 - 512GB Solid State Drive - Black"|6378057
Dell|Intel Core i5|""|480GB Solid State Drive|2019-09-28 07:06|https://www.bestbuy.com//site/dell-latitude-14-refurbished-laptop-intel-core-i5-8gb-memory-480gb-solid-state-drive-silver/6297007.p?skuId=6297007|E6440-31254|386.99|8|14.0|Bestbuy|"Dell - Latitude 14'" Refurbished Laptop - Intel Core i5 - 8GB Memory - 480GB Solid State Drive - Silver"|5581198
Lenovo|Intel Core i7|NVIDIA GeForce GTX 1050|1TB Hard Drive|2019-09-28 07:06|https://www.bestbuy.com//site/lenovo-ideapad-330-17ich-17-3-gaming-laptop-intel-core-i7-12gb-memory-nvidia-geforce-gtx-1050-1tb-hard-drive-onyx-black/6379954.p?skuId=6379954|81FL0066US|949.99|12|17.3|Bestbuy|"New!Lenovo - IdeaPad 330-17ICH 17.3'" Gaming Laptop - Intel Core i7 - 12GB Memory - NVIDIA GeForce GTX 1050 - 1TB Hard Drive - Onyx Black"|6162944
Gigabyte Technology|Intel Core i7|NVIDIA GeForce RTX 2070|2TB Hard Drive + 512GB SSD|2019-09-28 07:06|https://www.bestbuy.com//site/gigabyte-technology-15-6-gaming-laptop-intel-core-i7-16gb-memory-nvidia-geforce-rtx-2070-2tb-hard-drive-512gb-ssd-black/6349949.p?skuId=6349949|AORUS 15-XA-F74CDW|2099.99|16|15.6|Bestbuy|"Gigabyte Technology - 15.6'" Gaming Laptop - Intel Core i7 - 16GB Memory - NVIDIA GeForce RTX 2070 - 2TB Hard Drive + 512GB SSD - Black"|6379946
Dell|Intel Core i5|""|256GB Solid State Drive|2019-09-28 07:06|https://www.bestbuy.com//site/dell-latitude-12-5-refurbished-laptop-intel-core-i5-4gb-memory-256gb-solid-state-drive-black/6297028.p?skuId=6297028|E7240-31114|339.99|4|12.5|Bestbuy|"Dell - Latitude 12.5'" Refurbished Laptop - Intel Core i5 - 4GB Memory - 256GB Solid State Drive - Black"|6307208
Dell|Intel Celeron|""|16GB eMMC Flash Memory|2019-09-28 07:06|https://www.bestbuy.com//site/dell-11-6-chromebook-intel-celeron-4gb-memory-16gb-emmc-flash-memory/6357749.p?skuId=6357749|CRM31000VM5R|259.99|4|11.6|Bestbuy|"Dell - 11.6'" Chromebook - Intel Celeron - 4GB Memory - 16GB eMMC Flash Memory"|6297039
Dell|Intel Core i5|""|750GB Hard Drive|2019-09-28 07:06|https://www.bestbuy.com//site/dell-latitude-14-refurbished-laptop-intel-core-i5-8gb-memory-750gb-hard-drive-black/5514200.p?skuId=5514200|E6430-0374|305.99|8|14.0|Bestbuy|"Dell - Latitude 14'" Refurbished Laptop - Intel Core i5 - 8GB Memory - 750GB Hard Drive - Black"|6307197
Dell|Intel Core i5|""|500GB Hard Drive|2019-09-28 07:06|https://www.bestbuy.com//site/dell-latitude-14-laptop-intel-core-i5-4gb-memory-500gb-hard-drive/6350592.p?skuId=6350592|LATI34001PP48|640.99|4|14.0|Bestbuy|"Dell - Latitude 14'" Laptop - Intel Core i5 - 4GB Memory - 500GB Hard Drive"|6309144
Lenovo|Intel Core i7- 8GB Memory|Black|Black|2019-09-28 07:06|https://www.bestbuy.com//site/lenovo-thinkpad-t480s-14-laptop-intel-core-i7-8gb-memory-256gb-solid-state-drive-black/6371558.p?skuId=6371558|20L7005FUS|1619.99|8|14.0|Bestbuy|"New!Lenovo - ThinkPad T480s 14'" Laptop - Intel Core i7- 8GB Memory - 256GB Solid State Drive - Black"|6346211
Dell|Intel Core i7|""|512GB Solid State Drive|2019-09-28 07:06|https://www.bestbuy.com//site/dell-precision-15-6-laptop-intel-core-i7-16gb-memory-512gb-solid-state-drive/6330754.p?skuId=6330754|PRM7530SBR29|3577.99|16|15.6|Bestbuy|"Dell - Precision 15.6'" Laptop - Intel Core i7 - 16GB Memory - 512GB Solid State Drive"|5373600
HP|Intel Core i7|""|180GB Solid State Drive|2019-09-28 07:06|https://www.bestbuy.com//site/hp-elitebook-folio-14-refurbished-laptop-intel-core-i7-8gb-memory-180gb-solid-state-drive-silver/6320467.p?skuId=6320467|FOLIO 9480M-31370|345.99|8|14.0|Bestbuy|"HP - EliteBook Folio 14'" Refurbished Laptop - Intel Core i7 - 8GB Memory - 180GB Solid State Drive - Silver"|6219240
ASUS|Intel Core i5|""|512GB Solid State Drive|2019-09-28 07:06|https://www.bestbuy.com//site/asus-vivobook-s15-15-6-laptop-intel-core-i5-8gb-memory-512gb-solid-state-drive-green/6360992.p?skuId=6360992|S532FADB55GN|799.99|8|15.6|Bestbuy|"ASUS - VivoBook S15 15.6'" Laptop - Intel Core i5 - 8GB Memory - 512GB Solid State Drive - Green"|6320447
HP|Intel Core i7|""|500GB Solid State Drive|2019-09-28 07:06|https://www.bestbuy.com//site/hp-14-refurbished-laptop-intel-core-i7-16gb-memory-500gb-solid-state-drive-black/6320511.p?skuId=6320511|ZBOOK 14-30948|595.99|16|14.0|Bestbuy|"HP - 14'" Refurbished Laptop - Intel Core i7 - 16GB Memory - 500GB Solid State Drive - Black"|6301731
HP|Intel Core i5|""|180GB Solid State Drive|2019-09-28 07:06|https://www.bestbuy.com//site/hp-elitebook-folio-14-refurbished-laptop-intel-core-i5-8gb-memory-180gb-solid-state-drive-black/5831500.p?skuId=5831500|9470M-1545|299.99|8|14.0|Bestbuy|"HP - EliteBook Folio 14'" Refurbished Laptop - Intel Core i5 - 8GB Memory - 180GB Solid State Drive - Black"|6348067
Lenovo|Intel Core i5|""|500GB Hard Drive|2019-09-28 07:06|https://www.bestbuy.com//site/lenovo-thinkpad-14-refurbished-laptop-intel-core-i5-8gb-memory-500gb-hard-drive-black/5581178.p?skuId=5581178|T430I525850010-REFURBISHED|326.99|8|14.0|Bestbuy|"Lenovo - ThinkPad 14'" Refurbished Laptop - Intel Core i5 - 8GB Memory - 500GB Hard Drive - Black"|6252012
Acer|Intel Core i7|""|512GB Solid-State Drive|2019-09-28 07:06|https://www.bestbuy.com//site/acer-travelmate-x3-14-laptop-intel-core-i7-8gb-memory-512gb-solid-state-drive/6320932.p?skuId=6320932|NX.VHJAA.005|1257.99|8|14.0|Bestbuy|"Acer - TravelMate X3 14'" Laptop - Intel Core i7 - 8GB Memory - 512GB Solid-State Drive"|6344745
Lenovo|AMD Ryzen 5|""|256GB Solid-State Drive|2019-09-28 07:06|https://www.bestbuy.com//site/lenovo-thinkpad-e595-15-6-laptop-amd-ryzen-5-8gb-memory-256gb-solid-state-drive-black/6355420.p?skuId=6355420|20NF0012US|741.99|8|15.6|Bestbuy|"New!Lenovo - ThinkPad E595 15.6'" Laptop - AMD Ryzen 5 - 8GB Memory - 256GB Solid-State Drive - Black"|6219218
Acer|Intel Core i5|""|256GB Solid-State Drive|2019-09-28 07:06|https://www.bestbuy.com//site/acer-travelmate-x3-14-laptop-intel-core-i5-8gb-memory-256gb-solid-state-drive/6347420.p?skuId=6347420|TMX3410M5608|999.99|8|14.0|Bestbuy|"Acer - TravelMate X3 14'" Laptop - Intel Core i5 - 8GB Memory - 256GB Solid-State Drive"|6349942
Dell|Intel Core i5|""|240GB Solid State Drive|2019-09-28 07:06|https://www.bestbuy.com//site/dell-latitude-14-laptop-intel-core-i5-8gb-memory-240gb-solid-state-drive-pre-owned-black/6219223.p?skuId=6219223|E5440-1555|339.99|8|14.0|Bestbuy|"Dell - Latitude 14'" Laptop - Intel Core i5 - 8GB Memory - 240GB Solid State Drive - Pre-Owned - Black"|6355811
Razer|Intel Core i7|NVIDIA GeForce RTX 2060|512GB Solid State Drive|2019-09-28 07:06|https://www.bestbuy.com//site/razer-blade-15-6-gaming-laptop-intel-core-i7-16gb-memory-nvidia-geforce-rtx-2060-512gb-solid-state-drive-mercury-white-cnc-aluminum/6320759.p?skuId=6320759|RZ09-02886EM2-R3U1|-1|16|15.6|Bestbuy|"Razer - Blade 15.6'" Gaming Laptop - Intel Core i7 - 16GB Memory - NVIDIA GeForce RTX 2060 - 512GB Solid State Drive - Mercury White CNC Aluminum"|6320434
LG|Intel Core i7|""|2 x 512GB Solid State Drive|2019-09-28 07:06|https://www.bestbuy.com//site/lg-gram-15-6-touch-screen-laptop-intel-core-i7-16gb-memory-2-x-512gb-solid-state-drive-dark-silver/6269120.p?skuId=6269120|15Z980-R.AAS9U1|-1|16|15.6|Bestbuy|"LG - gram 15.6'" Touch-Screen Laptop - Intel Core i7 - 16GB Memory - 2 x 512GB Solid State Drive - Dark Silver"|6266600
Dell|Intel Core i7|NVIDIA GeForce GTX 1070|2TB Hard Drive + 256GB Solid State Drive|2019-09-28 07:06|https://www.bestbuy.com//site/dell-xps-desktop-intel-core-i7-16gb-memory-nvidia-geforce-gtx-1070-2tb-hard-drive-256gb-solid-state-drive-silver/6311667.p?skuId=6311667|XPS8930-7819SLV-OUS|-1|16|""|Bestbuy|Dell - XPS Desktop - Intel Core i7 - 16GB Memory - NVIDIA GeForce GTX 1070 - 2TB Hard Drive + 256GB Solid State Drive - Silver|6269100
HP|Intel Ci5-3210M||500|2019-09-28 07:08|https://www.frys.com/product/9800005?site=sr:SEARCH:MAIN_RSLT_PG|PB6470BCi5-3210M|399|8|14.0|Fry's|"HP PB 6470B 14'" Refurbished Laptop With Intel Ci5-3210M Processor, 8GB Memory, 500GB Hard Drive, DVD-ROM, Windows 10"|696897751172
Lenovo|Intel Ci5-2520M||160|2019-09-28 07:08|https://www.frys.com/product/9831155?site=sr:SEARCH:MAIN_RSLT_PG|TPX220i5-2520M|349|4|12.5|Fry's|"Lenovo TP X220 12.5'" Refurbished Laptop With Intel Ci5-2520M Processor, 4GB Memory, 160GB Hard Drive, Windows 10"|696897752902
HP|Intel Core i5-3230M||320|2019-09-28 07:08|https://www.frys.com/product/9647583?site=sr:SEARCH:MAIN_RSLT_PG|8470PCi5-3230M|399|8|14.0|Fry's|"HP 8470P 14'" Refurbished Laptop with Intel Core i5-3230M Processor 8GB Memory, 320GB Hard Drive,DVD, Windows 10 **90 Days Warranty**"|696897734717
Lenovo|Intel Ci5-4300u||500|2019-09-28 07:08|https://www.frys.com/product/9914966?site=sr:SEARCH:MAIN_RSLT_PG|TPX240i5-4300U|399|8|12.5|Fry's|"Lenovo TP X240 12.5'" Refurbished Laptop With Intel Ci5-4300u Processor, 8GB Memory, 500GB Hard Drive, Windows 10"|696897764264
Dell|Intel Ci5-4200M||512|2019-09-28 07:08|https://www.frys.com/product/9939176?site=sr:SEARCH:MAIN_RSLT_PG|E6440Ci5-4200M|599|16|14.0|Fry's|"Dell E6440 14'" Refurbished Laptop With Intel Ci5-4200M Processor, 16GB Memory, 512GB SSD, Windows 10"|724962745983
Lenovo|Ci5-2520M||250|2019-09-28 07:08|https://www.frys.com/product/9721554?site=sr:SEARCH:MAIN_RSLT_PG|T420Ci5-2520M|349|4|14.1|Fry's|"Lenovo T420 14.1'" Refurbished Laptop With Ci5-2520M Processor, 4GB Memory, 250GB Hard Drive and Windows 10"|696897743108
Lenovo|Intel Celeron N2840||16|2019-09-28 07:08|https://www.frys.com/product/9914956?site=sr:SEARCH:MAIN_RSLT_PG|N21CeleronN2840|167|4|11.6|Fry's|"Lenovo N21 11.6'" Refurbished Chromebook With Intel Celeron N2840 Processor, 4GB Memory, 16GB Storage, Chrome OS"|696897764257
Dell|Intel Ci5-4200U||128|2019-09-28 07:08|https://www.frys.com/product/9799944?site=sr:SEARCH:MAIN_RSLT_PG|E7440Ci5-4200U|499|8|14.0|Fry's|"Dell E7440 14'" Touchscreen Refurbished Laptop With Intel Ci5-4200U Processor, 8GB Memory, 128GB SSD, Windows 10"|696897751165
Lenovo|Intel Celeron 1007U||320|2019-09-28 07:08|https://www.frys.com/product/9797874?site=sr:SEARCH:MAIN_RSLT_PG|X131EIntel1007U|249|4|11.6|Fry's|"Lenovo X131E 11.6'" Refurbished Laptop With Intel Celeron 1007U Processor, 4GB Memory, 320GB Hard Drive, Windows 10 Home"|696897751226
Lenovo|Intel Ci5-3210M||240|2019-09-28 07:08|https://www.frys.com/product/9779764?site=sr:SEARCH:MAIN_RSLT_PG|TPT430i5-3210M|449|8|14.0|Fry's|"Lenovo Thinkpad T430 14'" Refurbished Laptop With Intel Ci5-3210M Processor, 8GB Memory, 240GB SSD, Windows 10 Pro"|696897750199
HP|Intel Ci5-520M||160|2019-09-28 07:08|https://www.frys.com/product/9911496?site=sr:SEARCH:MAIN_RSLT_PG|EB8440Pi5-520M|249|4|14.0|Fry's|"HP EB 8440P 14'" Refurbished Laptop With Intel Ci5-520M Processor, 4GB Memory, 160GB Hard Drive, DVD Rom, Windows 10"|696897763816
Dell|Intel Ci5-4300U||120|2019-09-28 07:08|https://www.frys.com/product/9831245?site=sr:SEARCH:MAIN_RSLT_PG|E5440i5-4300U|399|8|14.0|Fry's|"Dell E5440 14'" Refurbished Laptop With Intel Ci5-4300U Processor, 8GB Memory, 120GB SSD, Windows 10"|696897752919
HP|Intel Celeron N2840||16|2019-09-28 07:08|https://www.frys.com/product/9941276?site=sr:SEARCH:MAIN_RSLT_PG|ChromeBkG4N2840|149|2|11.6|Fry's|"HP G4 11.6'" Refurbished Chromebook With Intel Celeron N2840 Processor, 2GB Memory, 16GB SSD, Chrome OS"|724962748779
Lenovo|Intel Celeorn N2920||16|2019-09-28 07:08|https://www.frys.com/product/9914936?site=sr:SEARCH:MAIN_RSLT_PG|TP11eCel.N2920|149|4|11.6|Fry's|"Lenovo TP 11e 11.6'" Refurbished Chromebook With Intel Celeorn N2920 Processor, 4GB Memory, 16GB Storage, Chrome OS"|696897764240
HP|Intel Ci5-3427U||180|2019-09-28 07:08|https://www.frys.com/product/9647553?site=sr:SEARCH:MAIN_RSLT_PG|9470Ci5-3427U|399|8|14.0|Fry's|"HP 9470 14'" Refurbished Laptop With Intel Ci5-3427U Processor, 8GB Memory, 180GB SSD, Windows 10 **90 Days Warranty**"|696897734533
Dell|AMD Ryzen 5 2500U||1000|2019-09-28 07:08|https://www.frys.com/product/9922656?site=sr:SEARCH:MAIN_RSLT_PG|Insp.5000Ryzen5|599|8|15.6|Fry's|"Dell i5575-A217SLV-PUS 15.6'" FHD Laptop With AMD Ryzen 5 2500U Processor, 8GB Memory, 1TB Hard Drive, Windows 10"|884116293217
Lenovo|Intel Ci5-4300M||120|2019-09-28 07:08|https://www.frys.com/product/9841165?site=sr:SEARCH:MAIN_RSLT_PG|TPT440Pi5-4300M|349|8|14.0|Fry's|"Lenovo TP T440P 14'" Refurbished Laptop With Intel Ci5-4300M Processor, 8GB Memory, 120GB SSD, Windows 10"|696897751301
Lenovo|Intel Ci5-3320M||120|2019-09-28 07:08|https://www.frys.com/product/9841065?site=sr:SEARCH:MAIN_RSLT_PG|TPX230i5-3320M|279|4|12.5|Fry's|"Lenovo TP X230 12.5'" Refurbished Laptop With Intel Ci5-3320M Processor, 4GB Memory, 120GB SSD, Windows 10"|696897751325
Dell|AMD Ryzen5 3500U||""|2019-09-28 07:08|https://www.frys.com/product/9922666?site=sr:SEARCH:MAIN_RSLT_PG|Insp14Ryzen53500U|699|8|14.0|Fry's|"Dell i5485-A094SLV-PUS 14'" FHD Laptop With AMD Ryzen5 3500U Processor, 8GB Memory, 256GB SSD, Radeon Vega8 R5 Graphics, Windows 10"|884116315094
HP|Intel Ci7-8550U||1000|2019-09-28 07:08|https://www.frys.com/product/9914906?site=sr:SEARCH:MAIN_RSLT_PG|17-by0063i7-8550U|699|8|17.3|Fry's|"HP 17-by0063cl 17.3'" Refurbished Touchscreen Laptop With Intel Ci7-8550U Processor, 8GB Memory, 1TB Hard Drive, Windows 10 - Pale Gold & Ash Silver"|192545877015
HP|Intel Ci5-8250U||1000|2019-09-28 07:08|https://www.frys.com/product/9914926?site=sr:SEARCH:MAIN_RSLT_PG|15-da0021i5-8250U|599|8|15.6|Fry's|"HP 15-da0021cy 15.6'" Refurbished Touchscreen Laptop With Intel Ci5-8250U Processor, 8GB Memory, 16GB Optane Memory, 1TB Hard Drive, Windows 10 - Rose Gold"|193015924024
HP|AMD Ryzen R3 2200U||1000|2019-09-28 07:08|https://www.frys.com/product/9856025?site=sr:SEARCH:MAIN_RSLT_PG|15-db0051R32200U|399|8|15.6|Fry's|"HP 15-db0051 15.6'" Refurbished Laptop With AMD Ryzen R3 2200U Processor, 8GB Memory, 1TB Hard Drive, Windows 10"|192545876735
HP|Intel Ci5-8250U||1000|2019-09-28 07:08|https://www.frys.com/product/9939166?site=sr:SEARCH:MAIN_RSLT_PG|15-cr0087Ci5-8250U|649|8|15.6|Fry's|"HP 15-cr0087cl 15.6'" 2-in-1 Touchscreen Refurbished Laptop With Intel Ci5-8250U Processor, 8GB Memory, 1TB Hard Drive + 16GB Optane Memory, Windows 10 - PaleGold Ash Silver"|193015565371
HP|AMD Ryzen 5 2500U||256|2019-09-28 07:08|https://www.frys.com/product/9911536?site=sr:SEARCH:MAIN_RSLT_PG|15-bq213Ryzen52500|649|8|15.6|Fry's|"HP 15-bq213cl 15.6'" Refurbished Touchscreen 2-in-1 Laptop With AMD Ryzen 5 2500U Processor, 8GB Memory, 256GB SSD, Windows 10"|193015864566
HP|Intel Ci5-8250U||1000|2019-09-28 07:08|https://www.frys.com/product/9814085?site=sr:SEARCH:MAIN_RSLT_PG|15-cs0053i5-8250U|599|12|15.6|Fry's|"HP Pavilion 15-cs0053 15.6'" Touchscreen Refurbished Laptop With Intel Ci5-8250U Processor, 12GB Memory, 1TB Hard Drive, Windows 10"|192545671026
Lenovo|Intel Celeron N2930||320|2019-09-28 07:08|https://www.frys.com/product/9686093?site=sr:SEARCH:MAIN_RSLT_PG|ThinkpadYoga11E|199|4|11.6|Fry's|"Lenovo Refurbished Thinkpad Yoga 11E 11.6'" Touchscreen 2-in-1 Laptop With Intel Celeron N2930 Processor, 4GB memory, 320GB HD and Windows10 Home"|696897736896
Acer|Ryzen 3 2200U||1000|2019-09-28 07:08|https://www.frys.com/product/9914666?site=sr:SEARCH:MAIN_RSLT_PG|A315-RFRyzen32200U|449|8|15.6|Fry's|"Acer A315-41-R3RF 15.6'" Laptop With Ryzen 3 2200U Processor, 8GB Memory, 1TB Hard Drive, Windows 10"|191114710968
Lenovo|AMD A6-9225||1000|2019-09-28 07:08|https://www.frys.com/product/9778624?site=sr:SEARCH:MAIN_RSLT_PG|Idea330A6-9225|399|8|15.6|Fry's|"Lenovo Ideapad 330 15.6'" Laptop With AMD A6-9225 Processor, 8GB Memory, 1TB Hard Drive and Windows 10"|193268599833
Acer|Ryzen 5 2500U||256|2019-09-28 07:08|https://www.frys.com/product/9914786?site=sr:SEARCH:MAIN_RSLT_PG|A315-98Ryzen52500U|529|8|15.6|Fry's|"Acer A315-41-R98U 15.6'" Laptop With Ryzen 5 2500U Processor, 8GB Memory, 256GB SSD, Windows 10"|191114925553
HP|AMD Ryzen3 2200U||1000|2019-09-28 07:08|https://www.frys.com/product/9930236?site=sr:SEARCH:MAIN_RSLT_PG|15-db0004Ryz32200U|399|8|15.6|Fry's|"HP 15-db0004dx 15.6'" Refurbished Laptop With AMD Ryzen3 2200U Processor, 8GB Memory, 1TB Hard Drive, DVD-RW, Windows 10"|193015125926
HP|AMD Ryzen5 2500U||128|2019-09-28 07:08|https://www.frys.com/product/9930226?site=sr:SEARCH:MAIN_RSLT_PG|15-db0005Ryz52500U|479|8|15.6|Fry's|"HP 15-db0005dx 15.6'" Touchscreen Refurbished Laptop With AMD Ryzen5 2500U Processor, 8GB Memory, 128GB SSD, DVD-RW, Windows 10"|193015125933
Lenovo|Intel Ci5-520M||160|2019-09-28 07:08|https://www.frys.com/product/9721544?site=sr:SEARCH:MAIN_RSLT_PG|FY696897743115|217|4|14.1|Fry's|"Lenovo T410 14.1'" Refurbished Laptop With Intel Ci5-520M Processor, 4GB Memory, 160GB Hard Drive and Windows 10"|696897743115
Dell|AMD Ryzen 3 3200U||128|2019-09-28 07:08|https://www.frys.com/product/9943646?site=sr:SEARCH:MAIN_RSLT_PG|i5485-A186R3-3200U|399|4|14.0|Fry's|"Dell i5485-A186SLV-PUS 14'" Laptop With AMD Ryzen 3 3200U Processor, 4GB Memory, 128GB SSD, Windows 10S"|884116315186
Lenovo|Intel Celeron N2940||128|2019-09-28 07:08|https://www.frys.com/product/9814445?site=sr:SEARCH:MAIN_RSLT_PG|TPYoga11eInt.Cel|199|4|11.6|Fry's|"Lenovo Thinkpad Yoga 11e 11.6'" 2-in-1 Touchscreen Refurbished Laptop With Intel Celeron N2940 Processor, 4GB Memory, 128GB SSD, Windows 10 Pro"|678021763220
HP|Intel Ci5-8250U||1000|2019-09-28 07:08|https://www.frys.com/product/9914896?site=sr:SEARCH:MAIN_RSLT_PG|17-by0062i5-8250U|549|8|17.3|Fry's|"HP 17-by0062cl 17.3'" Refurbished Laptop With Intel Ci5-8250U Processor, 8GB Memory, 1TB Hard Drive, Windows 10. Silver"|192545877008
HP|Intel Ci5-8250U||1000|2019-09-28 07:08|https://www.frys.com/product/9914916?site=sr:SEARCH:MAIN_RSLT_PG|15-da0022i5-8250U|549|8|15.6|Fry's|"HP 15-da0022cy 15.6'" Refurbished Touchscreen Laptop With Intel Ci5-8250U Processor, 8GB Memory +16GB Optane Memory, 1TB Hard Drive, Windows 10 Office 365 Personal 1 Yr - White"|193015923980
HP|Intel Ci5-8250U||1000|2019-09-28 07:08|https://www.frys.com/product/9914976?site=sr:SEARCH:MAIN_RSLT_PG|15-da0020i5-8250U|549|8|15.6|Fry's|"HP 15-da0020cy 15.6'" Refurbished Touchscreen Laptop With Intel Ci5-8250U Processor, 8GB Memory, 1TB Hard Drive + 16GB Optane, Windows 10 - Blue"|193015924017
Dell|New Intel 9th Generation Intel® Core||1000|2019-09-28 07:08|https://www.frys.com/product/9896625?site=sr:SEARCH:MAIN_RSLT_PG|G7790i7-9750H|1999|16|17.3|Fry's|"Dell G7790-7940GRY-PUS 17.3'" Gaming Laptop With New Intel 9th Generation Intel® Core'" i7-9750H Processor, 16GB Memory, 1TB Hard Drive, 256GB SSD, RTX2070 8GB Graphics, Windows 10"|884116315940
Acer|Ryzen 5 2500U||1000|2019-09-28 07:08|https://www.frys.com/product/9914776?site=sr:SEARCH:MAIN_RSLT_PG|A315-BWRyzen52500U|549|12|15.6|Fry's|"Acer A315-41-R3BW 15.6'" Laptop With Ryzen 5 2500U Processor, 12GB Memory, 1TB Hard Drive, Windows 10"|191114906934
Dell|Intel Ci5-3320m||250|2019-09-28 07:08|https://www.frys.com/product/9907916?site=sr:SEARCH:MAIN_RSLT_PG|E6230i5-3320m|197|4|12.5|Fry's|"Dell E6230 12.5'" Refurbished Laptop With Intel Ci5-3320m Processor, 4GB Memory, 250GB Hard Drive, Windows 10"|696897763632
HP|Intel Ci5-8265U||1000|2019-09-28 07:08|https://www.frys.com/product/9911526?site=sr:SEARCH:MAIN_RSLT_PG|14-ba253cli5-8265U|574|8|14.0|Fry's|"HP 14-ba253cl 14'" Refurbished Touchscreen 2-in-1 Laptop With Intel Ci5-8265U Processor, 8GB Memory, 1TB Hard Drive +16GB Optane Memory, Windows 10"|193015985872
HP|AMD A9-9425||2000|2019-09-28 07:08|https://www.frys.com/product/9841135?site=sr:SEARCH:MAIN_RSLT_PG|17-ca0010A9-9425|449|8|17.3|Fry's|"HP 17-ca0010 17.3'" Touchscreen Refurbished Laptop With AMD A9-9425 Processor, 8GB Memory, 2TB Hard Drive, DVDRW, Windows 10, MS Office 365"|193015986350
Dell|Intel Ci7-8565U||512|2019-09-28 07:08|https://www.frys.com/product/9851135?site=sr:SEARCH:MAIN_RSLT_PG|Insp145482i7-8565U|1199|16|14.0|Fry's|"Dell i5482-7120SLV-PUS 14'" 2-in-1 Touchscreen Laptop With Intel Ci7-8565U Processor, 16GB Memory, 512GB SSD, Windows 10"|884116313120
Dell|Intel Ci7-8565U||1000|2019-09-28 07:08|https://www.frys.com/product/9850665?site=sr:SEARCH:MAIN_RSLT_PG|Insp153580i7-8565U|799|8|15.6|Fry's|"Dell i3580-7445BLK-PUS 15.6'" Laptop With Intel Ci7-8565U Processor, 8GB Memory, 1TB Hard Drive, Windows 10"|884116315445
Dell|Intel Ci5-8265U||256|2019-09-28 07:08|https://www.frys.com/product/9851405?site=sr:SEARCH:MAIN_RSLT_PG|Insp145481i58265U|749|8|14.0|Fry's|"Dell i5481-5684GRY-PUS 14'" 2-in-1 Touchscreen Laptop With Intel Ci5-8265U Processor, 8GB Memory, 256GB SSD, Windows 10S"|884116314684
Dell|Intel Ci7-8565U||256|2019-09-28 07:08|https://www.frys.com/product/9876535?site=sr:SEARCH:MAIN_RSLT_PG|Insp155000i78565|849|8|15.6|Fry's|"Dell i5584-7851SLV-PUS 15.6'" Laptop With Intel Ci7-8565U Processor, 8GB Memory, 256GB SSD , Windows 10"|884116314851
Dell|Intel i3-8145U||128|2019-09-28 07:08|https://www.frys.com/product/9851315?site=sr:SEARCH:MAIN_RSLT_PG|Insp145481i3-8145U|419|4|14.0|Fry's|"Dell i5481-3236GRY-PUS 14'" 2-in-1 Touchscreen Laptop With Intel i3-8145U Processor, 4GB Memory, 128GB SSD, Windows 10S"|884116313236
Samsung|Intel Ci7-8565U||512|2019-09-28 07:08|https://www.frys.com/product/9922836?site=sr:SEARCH:MAIN_RSLT_PG|NB9Peni7-8565U|1399.99|8|13.3|Fry's|"Samsung NP930SBE-K01US 13.3'" 2-in-1 Touchscreen Laptop With Intel Ci7-8565U Processor, 8GB Memory, 512GB SSD, Windows 10"|887276319933
Dell|Intel New 9th Generation Intel® Core||1000|2019-09-28 07:08|https://www.frys.com/product/9896615?site=sr:SEARCH:MAIN_RSLT_PG|G5590i5-9300H|999|8|15.6|Fry's|"Dell G5590-5926 15.6'" Laptop With Intel New 9th Generation Intel® Core'" i5-9300H Processor, 8GB Memory, 1TB Hard Drive +128GB SSD, GTX 1650 4GB Graphics, Windows 10 - BLACK"|884116315926
Dell|9th Generation Intel® Core||1000|2019-09-28 07:08|https://www.frys.com/product/9896595?site=sr:SEARCH:MAIN_RSLT_PG|G5590-i7-9750HBLK|1249|16|15.6|Fry's|"Dell G5590-7872BLK-PUS 15.6'" Full HD Gaming Laptop With 9th Generation Intel® Core'" i7-9750H, 16GB Memory, 128GB SSD+ 1TB Hard Drive, NVIDIA GTX1660Ti 6GB Graphics and Windows 10, BLACK"|884116315872
Dell|9th Generation Intel® Core||1000|2019-09-28 07:08|https://www.frys.com/product/9896605?site=sr:SEARCH:MAIN_RSLT_PG|G5590-i79750HWHT|1249|16|15.6|Fry's|"Dell G5590-7889WHT-PUS 15.6'" Full HD Gaming Laptop With 9th Generation Intel® Core'" i7-9750H, 16GB Memory, 128GB SSD+ 1TB Hard Drive, GTX1660Ti 6GB Graphics and Windows 10, White"|884116315889
HP|Intel Ci3-8130U||128|2019-09-28 07:08|https://www.frys.com/product/9861255?site=sr:SEARCH:MAIN_RSLT_PG|14-df0023i3-8130U|317|4|14.0|Fry's|"HP 14-df0023 14'" Refurbished Laptop With Intel Ci3-8130U Processor, 4GB Memory, 128GB SSD, Windows 10"|193424231362
Samsung|Intel Celeron N4000||""|2019-09-28 07:08|https://www.frys.com/product/9930296?site=sr:SEARCH:MAIN_RSLT_PG|FlashCel.N4000|349|4|13.3|Fry's|"Samsung Notebook Flash Charcoal 13.3'" Laptop With Intel Celeron N4000 Processor, 4GB Memory, 64GB eMMC, Windows 10 Home S mode."|887276343402
Acer|AMD A4-9120C||""|2019-09-28 07:08|https://www.frys.com/product/9871325?site=sr:SEARCH:MAIN_RSLT_PG|CB315-25TXA4-9120C|279|4|15.6|Fry's|"Acer CB315-2H-25TX 15.6'" Chromebook With AMD A4-9120C Processor, 4GB Memory, 32GB eMMC, Chrome OS"|193199071583
Acer|AMD A9-9420||1000|2019-09-28 07:08|https://www.frys.com/product/9815065?site=sr:SEARCH:MAIN_RSLT_PG|A315-21-95KF|349|6|15.6|Fry's|"Acer Aspire 3 A315-21-95KF 15.6'" Laptop With AMD A9-9420 Processor, 6GB Memory, 1TB Hard Drive, Windows 10"|191114251423
Samsung|""||16|2019-09-28 07:08|https://www.frys.com/product/9099197?site=sr:SEARCH:MAIN_RSLT_PG|XE500C13-K04US|219|4|11.6|Fry's|"Samsung 11.6'" Chromebook with 4GB Memory, 16GB SSD, and Google Chrome OS"|887276201603
Acer|7th Generation Intel® Core||""|2019-09-28 07:08|https://www.frys.com/product/9576612?site=sr:SEARCH:MAIN_RSLT_PG|Aspire3A315-51-56GT|399|""|15.6|Fry's|"Aspire 3 A315-51-56GT 15.6'" Laptop with 7th Generation Intel® Core'" i5-7200U processor 4GB, 1TB, 802.11ac Windows 10"|191114485637
Acer|Intel Pentium N5000||""|2019-09-28 07:08|https://www.frys.com/product/9657133?site=sr:SEARCH:MAIN_RSLT_PG|A114-32-P7E5|299|4|14.0|Fry's|"Acer A114-32 14'" Laptop With Intel Pentium N5000 Processor, 4GB Memory, 64GB eMMC, Windows 10 Office 365 Included"|191114869840
Acer|Intel Celeron N4000||""|2019-09-28 07:08|https://www.frys.com/product/9658883?site=sr:SEARCH:MAIN_RSLT_PG|Spin1SP111-33-C6UV|269|4|11.6|Fry's|"Acer SP111-C6 11.6'" 2-in-1 Touchscreen Laptop With Intel Celeron N4000 Processor, 4GB Memory, 64GB eMMC, Windows 10, Office 365 Included"|191114870006
Lenovo|Intel Ci7-8565U||""|2019-09-28 07:08|https://www.frys.com/product/9848365?site=sr:SEARCH:MAIN_RSLT_PG|S340-15IWLi78565U|699|8|15.6|Fry's|"Lenovo Ideapad S340-15 15.6'" Full HD Laptop With Intel Ci7-8565U Processor, 8GB Memory, 256GB SSD, Windows 10"|193268985285
Acer|""||500|2019-09-28 07:08|https://www.frys.com/product/9764044?site=sr:SEARCH:MAIN_RSLT_PG|A315-31-C7CFCel.|299|4|15.6|Fry's|"Acer Aspire 3 A315-31-C7CF 15.6'" Intel Celeron N3350 Processor, 4GB Memory, 500GB Hard Drive, Windows 10"|191114594971
Dell|AMD Ryzen 3 2300U||1000|2019-09-28 07:08|https://www.frys.com/product/9850865?site=sr:SEARCH:MAIN_RSLT_PG|Insp173785R32300U|499|8|17.3|Fry's|"Dell i3785-A452BLK-PUS 17.3'" Laptop With AMD Ryzen 3 2300U Processor, 8GB Memory, 1TB Hard Drive, Windows 10"|884116315452
Ematic|Intel Atom||32|2019-09-28 07:08|https://www.frys.com/product/9753524?site=sr:SEARCH:MAIN_RSLT_PG|EWT117|159|2|11.6|Fry's|"Ematic EWT117 11.6'" 2-in-1 Touchscreen Laptop With Intel Atom Processor, 2GB Memory, 32GB Storage, Windows 10"|815592023098
Samsung|Intel Ci7-8565U||256|2019-09-28 07:08|https://www.frys.com/product/9930286?site=sr:SEARCH:MAIN_RSLT_PG|NP730i78565U|799|8|13.3|Fry's|"Samsung NP730XBE-K01US 13.3'" Laptop With Intel Ci7-8565U Processor, 8GB Memory, 256GB SSD, Windows 10"|887276338804
Samsung|Intel Celeron N3060||16|2019-09-28 07:08|https://www.frys.com/product/9099187?site=sr:SEARCH:MAIN_RSLT_PG|XE500C13-K05US|169.99|2|11.6|Fry's|"Samsung Chromebook 11.6'" Laptop with Intel Celeron N3060 Processor, 2GB Memory, 16GB Storage, Google Chrome OS"|887276201610
Samsung|Intel Celeron 3965Y||64|2019-09-28 07:08|https://www.frys.com/product/9737914?site=sr:SEARCH:MAIN_RSLT_PG|XE520QAB-K03US|449.99|4|12.2|Fry's|"Samsung XE520QAB-K03US 12.2'" Touchscreen 2-in-1 Chromebook Plus With Intel Celeron 3965Y Processor, 4GB Memory, 64GB Storage, Bulit in Pen, Chrome OS"|887276297132
HP|ntel Ci5-8265U||256|2019-09-28 07:08|https://www.frys.com/product/9944046?site=sr:SEARCH:MAIN_RSLT_PG|14-cd1055cli5-8265U|599|8|14.0|Fry's|"HP 14-cd1055cl 14'" Refurbished Touchscreen 2-in-1 Laptop WithIntel Ci5-8265U Processor, 8GB Memory, 256GB SSD, Windows 10 - Silver"|193808989636
Acer|Intel Ci7-8750H||256|2019-09-28 07:08|https://www.frys.com/product/9913866?site=sr:SEARCH:MAIN_RSLT_PG|A715-79R9i7-8750H|999|8|15.6|Fry's|"Acer A715-72G-79R9 15.6'" Laptop With Intel Ci7-8750H Processor, 8GB Memory, 256GB SSD, GTX 1050Ti 4GB Graphics, Windows 10"|191114868096
HP|Intel Ci5-8250U||1000|2019-09-28 07:08|https://www.frys.com/product/9914886?site=sr:SEARCH:MAIN_RSLT_PG|15-cs0051i5-8250U|549|8|15.6|Fry's|"HP 15-cs0051cl 15.6'" Refurbished Laptop With Intel Ci5-8250U Processor, 8GB Memory +16GB Optane Memory, 1TB Hard Drive, Windows 10. Pale Gold"|192545876865
Samsung|Intel Core i7||""|2019-09-28 07:08|https://www.frys.com/product/9469981?site=sr:SEARCH:MAIN_RSLT_PG|NP800G5H-XS1US|1599.99|16|15.6|Fry's|"Samsung NP800G5H-X51US Odyssey 15.6'" Full HD Gaming Laptop With Intel Core i7 Processor, 16GB Memory 1TB Harddrive + 128GB SSD with NVIDIA GTX 1060 6GB Graphics and Windows 10"|887276248820
Dell|Intel Ci7-8750H||""|2019-09-28 07:08|https://www.frys.com/product/9922676?site=sr:SEARCH:MAIN_RSLT_PG|G3579Ci7-8750H|949|16|15.6|Fry's|"Dell G3579-7009BLK-PUS 15.6'" FHD Laptop With Intel Ci7-8750H Processor, 16GB Memory, 512GB SSD, GTX1050Ti 4GB Graphics, Windows 10"|884116294009
Lenovo|Intel Ci7-8550U||512|2019-09-28 07:08|https://www.frys.com/product/9802395?site=sr:SEARCH:MAIN_RSLT_PG|IdeapadFlex6|1199|16|14.0|Fry's|"Lenovo IdeaPad Flex 6 14'" Touchscreen 2-in-1 Laptop With Intel Ci7-8550U Processor, 16GB Memory, 512GB SSD, Windows 10"|192330716864
EVOO|""||32|2019-09-28 07:08|https://www.frys.com/product/9696653?site=sr:SEARCH:MAIN_RSLT_PG|EVL2in1-1332-BK|299|4|13.3|Fry's|"EVOO 13.3'" Intel Celeron 2-in-1 Touchscreen Laptop With 4GB Memory, 32GB Hard Drive and Windows 10"|812550030471
HP|Intel Ci5-4300u||120|2019-09-28 07:08|https://www.frys.com/product/9877955?site=sr:SEARCH:MAIN_RSLT_PG|Folio1040G1i5-4300|317|8|14.0|Fry's|"HP Folio 1040G1 14'" Refurbished Laptop With Intel Ci5-4300u Processor, 8GB Memory, 120GB SSD, Windows 10"|696897761416
Microsoft|Intel Ci7||""|2019-09-28 07:08|https://www.frys.com/product/9177868?site=sr:SEARCH:MAIN_RSLT_PG|DAJ-00001|899|8|13.5|Fry's|"MS Surface 13.5'" Platinum Laptop With Intel Ci7 Processor, 8GB Memory, 256GB, Touch, Win10S DAJ-00001"|889842227093
HP|Intel Ci5-2520M||160|2019-09-28 07:08|https://www.frys.com/product/9911506?site=sr:SEARCH:MAIN_RSLT_PG|EB8460Pi5-2520M|187|4|14.0|Fry's|"HP EB 8460P 14'" Refurbished Laptop With Intel Ci5-2520M Processor, 4GB Memory, 160GB Hard Drive, DVDROM, Windows 10"|696897763823
HP|Intel Ci5-4300U||512|2019-09-28 07:08|https://www.frys.com/product/9841105?site=sr:SEARCH:MAIN_RSLT_PG|EB9480mi5-4300U|368|8|14.0|Fry's|"HP EB 9480m 14'" Refurbished Laptop With Intel Ci5-4300U Processor, 8GB Memory, 512GB SSD, Windows 10"|696897751295
LG|Ci7-7500U||512|2019-09-28 07:08|https://www.frys.com/product/9078147?site=sr:SEARCH:MAIN_RSLT_PG|15Z970-A.AAS7U1|999|16|15.6|Fry's|"LG 15Z970S 15.6'" Touchscreen Laptop With Ci7-7500U Processor, 16GB Memory, 512GB SSD, Touch Windows 10"|719192611108
LG|Ci5-7200U||256|2019-09-28 07:08|https://www.frys.com/product/9078257?site=sr:SEARCH:MAIN_RSLT_PG|15Z970-U.AAS5U1|499|8|15.6|Fry's|"LG 15Z970S 15.6'" Laptop With Ci5-7200U Processor, 8GB Memory, 256GB SSD, Windows 10"|719192611115
Dell|Intel Ci7-8750H||1000|2019-09-28 07:08|https://www.frys.com/product/9852375?site=sr:SEARCH:MAIN_RSLT_PG|G5155587i7-8750H|899|8|15.6|Fry's|"Dell G5587-7139BLK-PUS 15.6'" Laptop With Intel Ci7-8750H Processor, 8GB Memory, 1TB Hard Drive + 128GB SSD, GTX 1050Ti 4GB Graphics, Windows 10"|884116294139
Acer|Intel Ci7-8550U||1000|2019-09-28 07:08|https://www.frys.com/product/9657543?site=sr:SEARCH:MAIN_RSLT_PG|A515-51-84PS|899|12|15.6|Fry's|"Acer A515-51 15.6'" Laptop With Intel Ci7-8550U Processor, 12GB Memory, 1TB Hard Drive+128GB SSD, Windows 10"|191114595794
Dell|Intel Ci3-4005U||128|2019-09-28 07:08|https://www.frys.com/product/9730414?site=sr:SEARCH:MAIN_RSLT_PG|Latitude3340|221.07|4|13.3|Fry's|"Dell 3340 13.3'" Refurbished Laptop With Intel Ci3-4005U Processor, 4GB Memory, 128GB SSD, Win 10 Professional"|678021760458
HP|Intel Ci3-7020U||500|2019-09-28 07:08|https://www.frys.com/product/9930216?site=sr:SEARCH:MAIN_RSLT_PG|15-da0093i3-7020U|349|8|15.6|Fry's|"HP 15-da0093ca 15.6'" Touchscreen Refurbished Laptop With Intel Ci3-7020U Processor, 8GB Memory, 500GB Hard Drive, Windows 10"|192545944236
EVOO|Intel Celeron||32|2019-09-28 07:08|https://www.frys.com/product/9696593?site=sr:SEARCH:MAIN_RSLT_PG|EVC-125-3BK|199|2|12.5|Fry's|"Evoo EVC125 Intel Celeron 12.5'" Laptop With 2GB Memory, 32GB Hard Drive and Windows 10S Mode"|812550030181
EVOO|2GB Memory||""|2019-09-28 07:08|https://www.frys.com/product/9696623?site=sr:SEARCH:MAIN_RSLT_PG|EVC-1411-BK|199|2|14.1|Fry's|"Evoo 14.1'" Intel Atom Laptop With 2GB Memory, 32GB eMMC, Windows 10"|812550030242
HP|Intel Ci5-8250U||128|2019-09-28 07:08|https://www.frys.com/product/9856035?site=sr:SEARCH:MAIN_RSLT_PG|15-cr0091i5-8250U|549|8|15.6|Fry's|"HP cr0091 15.6'" 2-in-1 Touchscreen Refurbished Laptop With Intel Ci5-8250U Processor, 8GB Memory, 128GB SSD, Windows 10"|193015238213
Lenovo|Intel Ci5-5200U||360|2019-09-28 07:08|https://www.frys.com/product/9841175?site=sr:SEARCH:MAIN_RSLT_PG|TPT450i5-5200U|399|12|14.0|Fry's|"Lenovo TP T450 14'" Refurbished Laptop With Intel Ci5-5200U Processor, 12GB Memory, 360GB SSD, Windows 10"|696897751318
HP|Intel Ci5-8250U||1000|2019-09-28 07:08|https://www.frys.com/product/9914986?site=sr:SEARCH:MAIN_RSLT_PG|15-da0017i5-8250U|499|8|15.6|Fry's|"HP 15-da0017cy 15.6'" Refurbished Touchscreen Laptop With Intel Ci5-8250U Processor, 8GB Memory, 1TB Hard Drive + 16GB Optane, Windows 10 - Silver"|193015923966
Acer|AMD A9-9420e||1000|2019-09-28 07:08|https://www.frys.com/product/9871315?site=sr:SEARCH:MAIN_RSLT_PG|A315-90LCA9-9420e|449|12|15.6|Fry's|"Acer A315-21-90LC 15.6'" Laptop With AMD A9-9420e Processor, 12GB Memory, 1TB Hard Drive, Windows 10"|193199075475
Microsoft|""||256|2019-09-28 07:08|https://www.frys.com/product/9178888?site=sr:SEARCH:MAIN_RSLT_PG|DAG-00007|699|8|13.5|Fry's|"Microsoft Surface 13.5'" Cobalt Blue Touchscreen Laptop with i5 Processor, 8GB Memory, 256GB SSD, Windows 10S"|889842170658
Microsoft|""||""|2019-09-28 07:08|https://www.frys.com/product/9178768?site=sr:SEARCH:MAIN_RSLT_PG|DAG-00003|699|""|13.5|Fry's|"MS Surf i5 Graphite Gold 13.5'"Sceen Size, 8GB, 256GB, Touch,Win10S DAG-00003"|889842170610
MSI|Intel Ci7-9750H||512|2019-09-28 07:08|https://www.frys.com/product/9887955?site=sr:SEARCH:MAIN_RSLT_PG|GL63-610i7-9750H|1499|16|15.6|Fry's|"MSI GL63 9SDK-610 15.6'" Gaming Laptop With Intel Ci7-9750H Processor, 16GB Memory, 512GB SSD, GTX1660Ti 6GB Graphics, Windows 10 Pro"|824142182529
Lenovo|Intel Celeron 1007U||16|2019-09-28 07:08|https://www.frys.com/product/9827135?site=sr:SEARCH:MAIN_RSLT_PG|TPX131Cel1007U|99|4|11.6|Fry's|"Lenovo TP X131E 11.6'" Refurbished Chromebook With Intel Celeron 1007U Processor, 4GB Memory, 16GB Storage, Chrome OS"|696897752674
Lenovo|Intel Celeron||16|2019-09-28 07:08|https://www.frys.com/product/9695753?site=sr:SEARCH:MAIN_RSLT_PG|N21Cel.N2840|89|2|11.6|Fry's|"Lenovo N21 Intel Celeron 11.6'" Refurbished Chromebook with 2GB Memory, 16GB SSD and Chrome OS"|678021760557
Lenovo|Intel Pentium N3710||1000|2019-09-28 07:08|https://www.frys.com/product/9019117?site=sr:SEARCH:MAIN_RSLT_PG|80T700ACUS|156.57|4|15.6|Fry's|"Lenovo Ideapad 110  15.6'" Laptop With Intel Pentium N3710 4GB Memory, 1TB Hard Drive, Windows 10"|190793580527
Acer|Intel Pentiun N5000||""|2019-09-28 07:08|https://www.frys.com/product/9658613?site=sr:SEARCH:MAIN_RSLT_PG|Swift1SF114-32-P7BG|349|4|14.0|Fry's|"Acer Swift 1 14'" Laptop With Intel Pentiun N5000 Processor, 4GB Memory, 64GB eMMC, Windows 10"|191114869857
Lenovo|AMD E2-1800||320|2019-09-28 07:08|https://www.frys.com/product/9743104?site=sr:SEARCH:MAIN_RSLT_PG|ThinkpadX131E|137|4|11.6|Fry's|"Lenovo TP X131E 11.6'" Refurbished Laptop With AMD E2-1800 Processor, 4GB Memory, 320GB Hard Drive, Windows 10 Home"|696897744570
Asus|AMD Ryzen5-3500U||512|2019-09-28 07:08|https://www.frys.com/product/9915926?site=sr:SEARCH:MAIN_RSLT_PG|F512RS51Ryzen53500U|599|8|15.6|Fry's|"Asus F512DA-RS51 15.6'" Laptop With AMD Ryzen5-3500U Processor, 8GB Memory, 512GB SSD, Windows 10"|192876294635
Asus|AMD E2-6110||500|2019-09-28 07:08|https://www.frys.com/product/9877935?site=sr:SEARCH:MAIN_RSLT_PG|X540YA-DB02E2-6110|249|4|15.6|Fry's|"Asus X540YA-DB02 15.6'" Laptop With AMD E2-6110 Processor, 4GB Memory, 500GB Hard Drive, Windows 10"|192876009420
HP|Intel Ci7-8550U||256|2019-09-28 07:08|https://www.frys.com/product/9459621?site=sr:SEARCH:MAIN_RSLT_PG|ENVY15-AQ273|599|8|15.6|Fry's|"HP 15-aq273 15.6'" Refurbished Touchscreen 2-in-1 Laptop With Intel Ci7-8550U Processor, 8 GB DDR4 SDRAM, 256GB SSD, AMD Radeon R7 Graphics and Windows 10 Home"|192018251755
Samsung|Intel Celeron N4000||""|2019-09-28 07:08|https://www.frys.com/product/9913936?site=sr:SEARCH:MAIN_RSLT_PG|FlashCel.N4000|349.99|4|13.3|Fry's|"Samsung Notebook Flash Charcoal 13.3'" Laptop With Intel Celeron N4000 Processor, 4GB Memory, 64GB eMMC, Windows 10 Home"|887276305561
Samsung|Intel Pentium N5000||""|2019-09-28 07:08|https://www.frys.com/product/9913946?site=sr:SEARCH:MAIN_RSLT_PG|FlashPent.N5000|399.99|4|13.3|Fry's|"Samsung Notebook Flash Charcoal 13.3'" Laptop With Intel Pentium N5000 Processor, 4GB Memory, 64GB eMMC, Windows 10 Home"|887276305578
Asus|AMD 2-Core A9||1000|2019-09-28 07:08|https://www.frys.com/product/9603633?site=sr:SEARCH:MAIN_RSLT_PG|X540BA-RB94|399|8|15.6|Fry's|"Asus X540BA-RB94 15.6'" Laptop with AMD 2-Core A9 Processor, 8GB Memory, 1TB Hard Drive and Windows 10"|889349989883
Lenovo|Intel Ci5-8250U||1000|2019-09-28 07:08|https://www.frys.com/product/9888015?site=sr:SEARCH:MAIN_RSLT_PG|IP320Si5-8250U|464.07|8|15.6|Fry's|"Lenovo IP 320S 15.6'" Laptop With Intel Ci5-8250U Processor, 8GB Memory, 1TB Hard Drive, Windows 10"|191999389877
Trekstor|Intel Celeron||""|2019-09-28 07:08|https://www.frys.com/product/9566252?site=sr:SEARCH:MAIN_RSLT_PG|99411|299|""|13.3|Fry's|"Trekstor 13.3'" 2-in-1 Laptop with Intel Celeron Processor, 4GB, 64GB,Touch,Windows 10"|4046735994111
Acer|Intel Ci7-8750H||1000|2019-09-28 07:08|https://www.frys.com/product/9657833?site=sr:SEARCH:MAIN_RSLT_PG|A715-72G-79BH|849|8|15.6|Fry's|"Acer A715-72G 15.6'" Gaming Laptop With Intel Ci7-8750H Processor, 8GB Memory, 1TB Hard Drive, GTX 1050 4GB Graphics, Windows 10"|191114716694
Ematic|Intel Quad Core||""|2019-09-28 07:08|https://www.frys.com/product/9781284?site=sr:SEARCH:MAIN_RSLT_PG|EWT834QC|92.07|1|8.0|Fry's|"Ematic EWT834 8'" 2-in-1 Touchscreen PC with Intel Quad Core Processor, 1GB Memory, 16GB eMMC, Windows 10"|815592024293
Acer|Intel Pentium N5000||""|2019-09-28 07:08|https://www.frys.com/product/9658983?site=sr:SEARCH:MAIN_RSLT_PG|Spin1SP111-33-P4VC|299|4|11.6|Fry's|"Acer SP111-P4 11.6'" 2-in1 Touchscreen Laptop With Intel Pentium N5000 Processor, 4GB Memory, 64GB eMMC, Windows 10, Office 365 Included"|191114869772
MSI|Intel Ci7-7700HQ||1000|2019-09-28 07:08|https://www.frys.com/product/9302890?site=sr:SEARCH:MAIN_RSLT_PG|GF62VR7RF-877|1149|16|15.6|Fry's|"MSI GF62VR877 15.6'" Gaming Laptop With Intel Ci7-7700HQ Processor, 16GB Memory, 1TB Hard Drive, GTX 1060 6GB Graphics, Windows 10"|824142151457
MSI|Intel Ci7-8550U||512|2019-09-28 07:08|https://www.frys.com/product/9778594?site=sr:SEARCH:MAIN_RSLT_PG|PS42i7-8550U|1149|16|14.0|Fry's|"MSI PS42-059 14'" Gaming Laptop With Intel Ci7-8550U Processor, 16GB Memory, 512GB SSD, GeForce MX150 2GB Graphics, Win 10 Pro"|824142168233
Dell|Intel Ci7-8750H||1000|2019-09-28 07:08|https://www.frys.com/product/9851415?site=sr:SEARCH:MAIN_RSLT_PG|G77790i7-8750H|1499|16|17.3|Fry's|"Dell G7790-7523GRY-PUS 17.3'" Gaming Laptop With Intel Ci7-8750H Processor, 16GB Memory, 1TB Hard Drive + 256GB SSD, RTX2060 6GB Graphics, Windows 10"|884116314523
Lenovo|Intel Ci7-8750H||1000|2019-09-28 07:08|https://www.frys.com/product/9802505?site=sr:SEARCH:MAIN_RSLT_PG|IdeaPad330i7-8750H|899|16|15.6|Fry's|"Lenovo IdeaPad 330 15.6'" Laptop With Intel Ci7-8750H Processor, 16GB Memory + 16GB Optane Memory, 1TB Hard Drive, GTX 1050 4GB Graphics, Windows 10"|193124220062
Acer|""||1000|2019-09-28 07:08|https://www.frys.com/product/9696993?site=sr:SEARCH:MAIN_RSLT_PG|A315-53-55Y1|449|4|15.6|Fry's|"Acer A315-53 15.6'" Intel Ci5-8250U Processor Laptop with 4GB Memory +16GB Optane Memory, 1TB Hard Drive, Windows 10"|191114796276
Lenovo|Ci7-8565U||512|2019-09-28 07:08|https://www.frys.com/product/9888585?site=sr:SEARCH:MAIN_RSLT_PG|IPFlex15i7-8565U|999|16|15.6|Fry's|"Lenovo Ideapad Flex-15 15.6'" 2-in-1 Touchscreen Laptop With Ci7-8565U Processor, 16GB Memory, 512GB SSD, GeForce MX230 2GB Graphics, Windows 10"|193268842939
Lenovo|Intel Ci7-8565U||512|2019-09-28 07:08|https://www.frys.com/product/9888755?site=sr:SEARCH:MAIN_RSLT_PG|IP730S-13i7-8565U|1049|16|13.3|Fry's|"Lenovo Ideapad 730S-13 13.3'" Laptop With Intel Ci7-8565U Processor, 16GB Memory, 512GB SSD, Windows 10"|193124681474
Acer|Intel Celeron N3060||""|2019-09-28 07:08|https://www.frys.com/product/9657963?site=sr:SEARCH:MAIN_RSLT_PG|CB3-132-C0EH|203.67|4|11.6|Fry's|"Acer CB3-132 11.6'" Chromebook With Intel Celeron N3060 Processor, 4GB Memory, 32GB eMMC, Chrome OS"|191114869901
Dell|Intel Ci5-4310U||256|2019-09-28 07:08|https://www.frys.com/product/9099307?site=sr:SEARCH:MAIN_RSLT_PG|DellLatitudee7240|367.57|4|12.5|Fry's|"Dell e7240 12.5'" Refurbished Laptop With Intel Ci5-4310U Processor, 4GB Memory, 256GB SSD, Windows 10 Professional"|678021760410
Dell|Intel Ci7-8550U||512|2019-09-28 07:08|https://www.frys.com/product/9340880?site=sr:SEARCH:MAIN_RSLT_PG|i5579-7961GRY-PUS|899|16|15.6|Fry's|"Dell i5579-7961GRY 2 in 1 15.6'" Touchscreen Laptop With Intel Ci7-8550U Processor,16GB Memory, 512GB SSD and Windows 10"|884116275961
Dell|Intel Ci7-8750H||1000|2019-09-28 07:08|https://www.frys.com/product/9852655?site=sr:SEARCH:MAIN_RSLT_PG|G3153579i7-8750H|799|8|15.6|Fry's|"Dell G3579-7649WHT-PUS 15.6'" Laptop With Intel Ci7-8750H Processor, 8GB Memory, 16GB Optane Memory, 1TB Hard Drive, GTX 1050Ti 4GB Graphics, Windows 10"|884116313649
Acer|Intel i7-7Y75||256|2019-09-28 07:08|https://www.frys.com/product/9767974?site=sr:SEARCH:MAIN_RSLT_PG|SP714-51-M5CD|499|8|14.0|Fry's|"Acer Spin 7 SP714-51-M5CD 14'" Convertible 2-in-1 Touchscreen Laptop With Intel i7-7Y75 Processor, 8GB Memory, 256GB SSD, Windows 10"|191114595831
MSI|Intel Ci7-8750H||1000|2019-09-28 07:08|https://www.frys.com/product/9882645?site=sr:SEARCH:MAIN_RSLT_PG|GL63-013i7-8750H|1499|16|15.6|Fry's|"MSI GL63 8SE-013 15.6'" Gaming Laptop With Intel Ci7-8750H Processor, 16GB Memory, 1TB Hard Drive + 256GB SSD, RTX2060 6GB Graphics, Windows 10"|824142175682
Lenovo|Intel Ci7-8550U||1000|2019-09-28 07:08|https://www.frys.com/product/9802545?site=sr:SEARCH:MAIN_RSLT_PG|IdeaPadFlex5|899|16|15.6|Fry's|"Lenovo Ideapad Flex 5 15.6'" Touchscreen 2-in-1 Laptop With Intel Ci7-8550U Processor, 16GB Memory, 1TB Hard Drive + 256GB SSD, Windows 10"|192330719025
Dell|Intel Ci5-8300H||1000|2019-09-28 07:08|https://www.frys.com/product/9852635?site=sr:SEARCH:MAIN_RSLT_PG|G3173779i5-8300H|643.07|8|17.3|Fry's|"Dell G3779-5221BLK-PUS 17.3'" Laptop With Intel Ci5-8300H Processor, 8GB Memory, 16GB Optane Memory, 1TB Hard Drive, GTX1050 4GB Graphics, Windows 10"|884116294221
Asus|AMD A9-9420||256|2019-09-28 07:08|https://www.frys.com/product/9496851?site=sr:SEARCH:MAIN_RSLT_PG|X505BA-RH96-RD|399|8|15.6|Fry's|"Asus X505BA-RD 15.6'" LAptop With AMD A9-9420 Processor, 8GB Memory, 256GB SSD, Win 10"|889349851784
Dell|Intel Celeron N3060||64|2019-09-28 07:08|https://www.frys.com/product/9752154?site=sr:SEARCH:MAIN_RSLT_PG|C3181-C901GRY-PUS|259|4|11.6|Fry's|"Dell C3181-C901GRY-PUS 11.6'" 2-in-1 Touchscreen Chromebook With Intel Celeron N3060 Processor, 4GB Memory, 64GB Storage, Chrome OS"|884116312901
Dell|Intel® Core||""|2019-09-28 07:08|https://www.frys.com/product/9341620?site=sr:SEARCH:MAIN_RSLT_PG|i5379-7609GRY-PUS|899|16|13.3|Fry's|"Dell Inspiron 13 i5379-7609GRY-PUS, 13.3'" Touchscreen 2 in 1 Laptop With Intel® Core'" i7 Processor, 16GB Memory, 512GB Solid State Drive and Windows 10"|884116276609
Acer|Intel Core i7-8750H||256|2019-09-28 07:08|https://www.frys.com/product/9658363?site=sr:SEARCH:MAIN_RSLT_PG|PH315-51-74V4|1194.07|""|""|Fry's|Acer PH315-74 Gaming Laptop with 8th Gen. Intel Core i7-8750H Processor, 16GB, 1TB+256GB SSD, GTX 1060 6GB, Win 10, NH.Q3FAA.004|191114718605
EPIK|Intel QC Purple||""|2019-09-28 07:08|https://www.frys.com/product/9614913?site=sr:SEARCH:MAIN_RSLT_PG|ELL1201T-PR|135.47|""|12.5|Fry's|"EPIK Intel QC Purple 12.5'" Measured Diagonal 2GB, 32GB, Windows 10 ELL1201T-PR"|827396532072
Asus|Intel Celeron N3350||""|2019-09-28 07:08|https://www.frys.com/product/9711364?site=sr:SEARCH:MAIN_RSLT_PG|C223NA-DH02-RD|199|4|11.6|Fry's|"Asus C223NA-RD 11.6'" Chromebook With Intel Celeron N3350 Processor, 4GB Memory, 32GB eMMC, Chrome OS"|192876083291
Asus|Intel Celeron N3350||""|2019-09-28 07:08|https://www.frys.com/product/9768034?site=sr:SEARCH:MAIN_RSLT_PG|C523NA-DH02|233.76|4|15.6|Fry's|"Asus C523NA-DH02 15.6'" Chromebook With Intel Celeron N3350 Processor, 4GB Memory, 32GB eMMC, Chrome OS"|192876099223
Acer|AMD A9||1000|2019-09-28 07:08|https://www.frys.com/product/9483041?site=sr:SEARCH:MAIN_RSLT_PG|A315-21-92FX|379|12|15.6|Fry's|"Acer A315-21-92FX, 15.6'" Laptop With AMD A9 Processor, 12GB Memory, 1TB Hard Drive and Windows 10 Home"|191114575475
GOOGLEINC.|Intel Ci5-7Y57||256|2019-09-28 07:08|https://www.frys.com/product/9369400?site=sr:SEARCH:MAIN_RSLT_PG|GA00123-US|999|8|12.3|Fry's|"Google Pixelbook 12.3'" Touchscreen Chromebook With Intel Ci5-7Y57 Processor, 8GB Memory,256GB SSD and Chrome OS."|842776102287
MSI|Intel Ci7-8750H||256|2019-09-28 07:08|https://www.frys.com/product/9848905?site=sr:SEARCH:MAIN_RSLT_PG|P658RD-021i7-8750H|1099|16|15.6|Fry's|"MSI P65 8RD-021 15.6'" Gaming Laptop With Intel Ci7-8750H Processor, 16GB Memory, 256GB SSD, GTX 1050Ti Graphics, Windows 10 Pro"|824142170274
Dell|Intel Celeron N3060||32|2019-09-28 07:08|https://www.frys.com/product/9752134?site=sr:SEARCH:MAIN_RSLT_PG|C3181-C895GRY-PUS|229.47|4|11.6|Fry's|"Dell C3181-C895GRY-PUS 11.6'" 2-in-1 Touchscreen Chromebok With Intel Celeron N3060 Processor, 4GB Memory, 32GB Storage, Chrome OS"|884116312895
Dell|""||""|2019-09-28 07:08|https://www.frys.com/product/9341530?site=sr:SEARCH:MAIN_RSLT_PG|i5577-7152BLK-PUS|799|""|15.6|Fry's|"Dell Insp.15 Ci7-7700HQ 15.6'" Screen Size, 16GB, 1TB+128GB GTX 1050 4GB, Win 10"|884116275152
Lenovo|AMD A10-9600P||1000|2019-09-28 07:08|https://www.frys.com/product/9131978?site=sr:SEARCH:MAIN_RSLT_PG|Ideapad310-15ABR|317.57|8|15.6|Fry's|"Lenovo Ideapad 310 AMD A10-9600P 15.6'" Laptop With 8GB Memory, 1TB Hard Drive, Windows 10"|191376077724
Asus|Intel Ci7-8750H||512|2019-09-28 07:08|https://www.frys.com/product/9798104?site=sr:SEARCH:MAIN_RSLT_PG|GL704-PS74Ci7-8750H|1552|16|17.3|Fry's|"Asus GL704GW-PS74 17.3'" Gaming Laptop With Intel Ci7-8750H Processor, 16GB Memory, 512GB SSD, RTX2070 8GB Graphics, Windows 10"|192876225288
Dell|AMD Ryzen 3 2200U||1000|2019-09-28 07:08|https://www.frys.com/product/9857435?site=sr:SEARCH:MAIN_RSLT_PG|Insp175775R32200U|364.07|8|17.3|Fry's|"Dell i5775-A177PUR-PUS 17.3'" Laptop With AMD Ryzen 3 2200U Processor, 8GB Memory, 1TB Hard Drive, Windows 10"|884116294177
Asus|""||""|2019-09-28 07:08|https://www.frys.com/product/8504569?site=sr:SEARCH:MAIN_RSLT_PG|X550ZA-WB11|349|""|""|Fry's|Asus 550ZWB11 A10-7400P 15.6 Screen Size, 8GB, 1TB, DVDRW Radeon R6, Win8.1|889349071076
Asus|AMD A9-9425||256|2019-09-28 07:08|https://www.frys.com/product/9721334?site=sr:SEARCH:MAIN_RSLT_PG|F441BA-DS95|371.07|8|14.0|Fry's|"Asus F441BA 14'" Laptop With AMD A9-9425 Processor, 8GB Memory, 256GB SSD and Windows 10"|192876040553
Alienware|""||""|2019-09-28 07:08|https://www.frys.com/product/8998353?site=sr:SEARCH:MAIN_RSLT_PG|AW15R3-0012SLV|799|""|15.6|Fry's|"Dell ALW15-12 Ci5-6300HQ 15.6'" Measured Diagonal 8GB, 1TB, GTX 1060 6GB Windows 10"|884116253822
Asus|Intel Ci7-8750H||1000|2019-09-28 07:08|https://www.frys.com/product/9528002?site=sr:SEARCH:MAIN_RSLT_PG|GL503GE-RS71|799|8|15.6|Fry's|"Asus GL503GE-RS71 15.6'" Gaming Laptop With Intel Ci7-8750H Processor, 8GB Memory, 1TB Hard Drive, GTX 1050TI 4GB Graphics, Windows 10"|889349993576
Dell|""||""|2019-09-28 07:08|https://www.frys.com/product/9560252?site=sr:SEARCH:MAIN_RSLT_PG|i5770-7375SLV-PUS|633.97|""|17.3|Fry's|"Dell Insp.17 Ci7-8550U 17.3'" Screen Size, 8GB,1TB+16GB Optane DVDRW, Windows 10"|884116294375
Asus|Intel Ci7-8550U||1000|2019-09-28 07:08|https://www.frys.com/product/9466921?site=sr:SEARCH:MAIN_RSLT_PG|S510UA-DS71|599|8|15.6|Fry's|"Asus S510UA-DS71 15.6'" Laptop With Intel Ci7-8550U Processor, 8GB Memory,1TB Hard Drive + 128GB SSD, Full HD, Windows 10"|889349896570
Asus|AMD R3-22200U||1000|2019-09-28 07:08|https://www.frys.com/product/9711374?site=sr:SEARCH:MAIN_RSLT_PG|F505ZA-DB31|364.07|6|15.6|Fry's|"Asus F505ZA 15.6'" Laptop With AMD R3-22200U Processor, 6GB Memory, 1TB Hard Drive and Windows 10"|192876018637
Alienware|Intel® Core||1000|2019-09-28 07:08|https://www.frys.com/product/9565532?site=sr:SEARCH:MAIN_RSLT_PG|AW17R5-7092SLV-PUS|1299|16|17.3|Fry's|"Dell Alienware 17 R5, 17.3'" Laptop with Intel® Core'" i7 Processor, 16GB Memory, NVIDIA® GeForce® GTX 1070, 8GB GDDR5 Graphics Card, 1TB Hard Drive + 8GB Solid State Drive and Windows 10 Home - Epic Silver"|884116294092
Dell|Intel Core i7||1000|2019-09-28 07:08|https://www.frys.com/product/8977423?site=sr:SEARCH:MAIN_RSLT_PG|i5567-7291GRY|599|16|15.6|Fry's|"Dell i5567-7291GRY, 15.6'" Touchscreen Laptop With Intel Core i7 Processor, 16GB Memory,AMD Radeon R7 M445 4G DDR5 Graphics Card, 1TB Hard Drive and Windows 10"|884116219590
MSI|Intel Ci7-6700HQ||""|2019-09-28 07:08|https://www.frys.com/product/9156908?site=sr:SEARCH:MAIN_RSLT_PG|GS63VRStealthPro-4|899|16|15.6|Fry's|"GS63VR Stealth Pro-422 15.6'" Laptop With Intel Ci7-6700HQ Processor, 16GB Memory, 1TB, GTX1060 6GB Windows 10"|824142144107
Trekstor|""||""|2019-09-28 07:08|https://www.frys.com/product/9566602?site=sr:SEARCH:MAIN_RSLT_PG|35031|249|""|14.0|Fry's|"Trekstor Primebook P14 14'" Measured Diagonal 4GB, 64GB, Win 10S 1Yr. Office 365 Included"|4046735350313
Acer|Intel Ci7-7700HQ||256|2019-09-28 07:08|https://www.frys.com/product/9572502?site=sr:SEARCH:MAIN_RSLT_PG|PredatorG3-572-72YF|901.07|16|15.6|Fry's|"Acer Predator 300 G3-572-72YF 15.6'" Gaming Laptop With Intel Ci7-7700HQ Processor, 16GB Memory, 1TB+256GB SSD GTX1060 6GB, Windows 10"|191114286456
Asus|Intel Ci7-7500U||1000|2019-09-28 07:08|https://www.frys.com/product/9101748?site=sr:SEARCH:MAIN_RSLT_PG|R518UA-RS71T|498|8|15.6|Fry's|"Asus R518-71T 15.6'" 2-in-1 Laptop With Intel Ci7-7500U Processor, 8GB Memory, 1TB Hard Drive, Windows 10"|889349653906
Acer|Intel® Core™ i5||1000|2019-09-28 07:08|https://www.frys.com/product/9483051?site=sr:SEARCH:MAIN_RSLT_PG|A515-51-50RR|360.57|8|15.6|Fry's|"Acer A515-51-50RR, 15.6'" Laptop With Intel® Core™ i5 Processor, 8GB Memory, 1TB Hard Drive and Windows 10 Home"|191114311332
Asus|Intel Ci7-7500U||512|2019-09-28 07:08|https://www.frys.com/product/8943733?site=sr:SEARCH:MAIN_RSLT_PG|UX390UA-XH74-BL|899|16|12.5|Fry's|"Asus UX390UA 12.5'" Laptop With Intel Ci7-7500U Processor, 16GB Memory, 512GB SSD Windows 10 Professional"|889349507230
Alienware|""||1000|2019-09-28 07:08|https://www.frys.com/product/9126538?site=sr:SEARCH:MAIN_RSLT_PG|AW15R3-7001SLV-PUS|899|16|15.6|Fry's|"Dell AW15R3 Ci7-7700HQ 15.6'"Laptop with 16GB Memory,1TB Hard Drive, GTX 1060 6GB Windows 10"|884116254652
Lenovo|AMD A10-7300||500|2019-09-28 07:08|https://www.frys.com/product/8480488?site=sr:SEARCH:MAIN_RSLT_PG|20DH002TUS|249|4|15.6|Fry's|"Lenovo ThinkPad E555, AMD A10-7300, 15.6'" Laptop With 4GB Memory, 500GB Hard Drive, Windows 7 Pro"|889233224601
Samsung|Intel Pentium N5000||""|2019-09-28 07:08|https://www.frys.com/product/9913956?site=sr:SEARCH:MAIN_RSLT_PG|FlashPent.N5000Wh|271|4|13.3|Fry's|"Samsung Notebook Flash Linen White 13.3'" Laptop With Intel Pentium N5000 Processor, 4Gb Memory, 64GB eMMc, Windows 10 Home"|887276332956
HP|""||500|2019-09-28 07:08|https://www.frys.com/product/9489491?site=sr:SEARCH:MAIN_RSLT_PG|15-bw073nr|199|4|15.6|Fry's|"HP 15-bw073nr A6-9220 15.6'" Screen With 4GB Memory, 500GB Hard Drive, DVDRW Windows 10"|191628761777
Asus|""||1000|2019-09-28 07:08|https://www.frys.com/product/9088827?site=sr:SEARCH:MAIN_RSLT_PG|GL502VM-DS74|899|16|15.6|Fry's|"Asus GL502VM-DS74 7th Generation Core i7-7700HQ, 15.6'" Gaming Laptop With 16GB Memory, 1TB Hard Drive + 128GB SSD, Windows 10"|889349602041
EPIK|Intel QC||32|2019-09-28 07:08|https://www.frys.com/product/9163448?site=sr:SEARCH:MAIN_RSLT_PG|ELL1201T-BK|99|2|12.5|Fry's|"Epik Teqnio Intel QC 12.5'" Laptop with 2GB Memory, 32GB Storage, Windows 10 Black"|827396532058
Asus|IntelQuad Core Pentium N4200||1000|2019-09-28 07:08|https://www.frys.com/product/9684783?site=sr:SEARCH:MAIN_RSLT_PG|TP203NA-DH22T-G|249|4|11.6|Fry's|"Asus TP203NA-DH22T-G 11.6'" 2-in-1 Touchscreen Laptop With IntelQuad Core Pentium N4200 Processor, 4GB Memory, 1TB HD and Windows 10"|192876099179
Asus|Intel® Dual-Core Celeron® N3350||500|2019-09-28 07:08|https://www.frys.com/product/9459381?site=sr:SEARCH:MAIN_RSLT_PG|R540NA-RS02|178.07|4|15.6|Fry's|"Asus R540NA-RS02, 15.6'" Laptop With Intel® Dual-Core Celeron® N3350 Processor, 4GB Memory, 500GB Hard Drive and Windows 10"|889349892862
Dell|""||1000|2019-09-28 07:08|https://www.frys.com/product/9686403?site=sr:SEARCH:MAIN_RSLT_PG|i3565-A932BLK-PUS|199|4|15.6|Fry's|"Dell 15.6'" Touchscreen 7th Generation AMD A6-9225 Processor with Radeon'" R4 Graphics,4GB memory, 1TB Hard Drive and Windows 10"|884116312932
Acer|Intel Ci5-5200U||500|2019-09-28 07:08|https://www.frys.com/product/9941286?site=sr:SEARCH:MAIN_RSLT_PG|TMP446Ci5-5200U|449|8|14.0|Fry's|"Acer Travel Mate P446 14'" Refurbished Laptop With Intel Ci5-5200U Processor, 8GB Memory, 500GB Hard Drive, Windows 10"|724962746034
Samsung|Intel Ci7-7700HQ||1000|2019-09-28 07:08|https://www.frys.com/product/9746594?site=sr:SEARCH:MAIN_RSLT_PG|NP800G5H-X02US|1399.99|8|15.6|Fry's|"Samsung Odyssey Black 15.6'" Gaming Laptop With Intel Ci7-7700HQ Processor, 8GB Memory, 1TB Hard Drive, GTX1060 6GB Graphics, Windows 10 - Knights Black"|887276247670
HP|""||2000|2019-09-28 07:08|https://www.frys.com/product/9205579?site=sr:SEARCH:MAIN_RSLT_PG|17-y027|464.07|12|17.3|Fry's|"HP 17.3'" Touch Screen Refurbished Laptops with 12GB Memory,2TB Hard Drive and Windows 10 with Office 365, Irish Purple"|190781661078
HP|""||2000|2019-09-28 07:08|https://www.frys.com/product/9205629?site=sr:SEARCH:MAIN_RSLT_PG|17-y030|464.07|12|17.3|Fry's|"HP 17.3'" Refurbished Laptop With 12GB Memory, 2TB Hard Drive, Touchscreen, Windows 10 Office 365, Soft Lilac"|190781661108
Asus|Zenbook Flip Intel M3||512|2019-09-28 07:08|https://www.frys.com/product/8860122?site=sr:SEARCH:MAIN_RSLT_PG|UX360CA-DBM2T|719|""|13.3|Fry's|Asus 13.3-inch Zenbook Flip Intel M3 8GB 512GB SSD Touchscreen Laptop - Grey|889349406816
HP|Intel Core i7-6500U||1000|2019-09-28 07:08|https://www.frys.com/product/8872302?site=sr:SEARCH:MAIN_RSLT_PG|17-s043|699|16|17.3|Fry's|"HP 17.3'" Touchscreen Laptop With Intel Core i7-6500U, 16GB Memory, 1TB Hard Drive, Windows 10 - Refurbished"|889899332009
Lenovo|Intel Ci7-7700HQ||""|2019-09-28 07:08|https://www.frys.com/product/9132468?site=sr:SEARCH:MAIN_RSLT_PG|Y520-151KBN|599|8|15.6|Fry's|"Lenovo Y520 15.6'" Laptop With Intel Ci7-7700HQ Processor, 8GB Memory, 1TB, GTX1050 TI 4GB Win 10 80WK001JUS"|191200479502
Lenovo|Intel Core i5-4202Y||128|2019-09-28 07:08|https://www.frys.com/product/8136035?site=sr:SEARCH:MAIN_RSLT_PG|59413201|349|4|11.6|Fry's|"Lenovo Miix 2, Intel Core i5-4202Y, 11.6'" Touch 2-in1 Laptop With 4GB Memory, 128GB SSD, Windows 8.1"|888631120300
HP|AMD A9-9425||2000|2019-09-28 07:08|https://www.frys.com/product/9856045?site=sr:SEARCH:MAIN_RSLT_PG|17-ca0009A9-9425|399|8|17.3|Fry's|"HP 17-ca0009 17.3'" Touchscreen Refurbished Laptop With AMD A9-9425 Processor, 8GB Memory, 2TB Hard Drive, Windows 10"|193015986077
Microsoft|Intel Core i5||""|2019-09-28 07:08|https://www.frys.com/product/9177828?site=sr:SEARCH:MAIN_RSLT_PG|DAG-00001|698|""|13.5|Fry's|"Microsoft Surface 13.5'" laptop with Intel Core i5 Processor,8GB, 256GB, Touch,Windows 10S DAG-00001-Platinum Color"|889842170597
Lenovo|Intel Ci7-7500U||512|2019-09-28 07:08|https://www.frys.com/product/9325050?site=sr:SEARCH:MAIN_RSLT_PG|Ideapad720S|799|16|14.0|Fry's|"Lenovo Idea720S 14'" Laptop With Intel Ci7-7500U Processor, 16GB Memory, 512GB SSD, Windows 10 Geforce 940MX 2GB"|191376122813
Asus|Intel Ci7-8550U||512|2019-09-28 07:08|https://www.frys.com/product/9377340?site=sr:SEARCH:MAIN_RSLT_PG|UX430UA-DH74|1099|16|14.0|Fry's|"Asus UX430UA 14'" Laptop With Intel Ci7-8550U Processor, 16GB Memory, 512GB SSD, Windows 10"|889349815861
MSI|9th Generation Intel Ci7-9750H||""|2019-09-28 07:08|https://www.frys.com/product/9897625?site=sr:SEARCH:MAIN_RSLT_PG|GF759SC-027i7-9750|1199|16|17.3|Fry's|"MSI GF75 THIN 9SC-027 17.3'" FHD Gaming Laptop With 9th Generation Intel Ci7-9750H Processor, 16GB Memory, 512GB SSD, GTX1650 4GB Graphics, Windows 10"|824142181324
Asus|Intel Ci7-8565U||512|2019-09-28 07:08|https://www.frys.com/product/9876345?site=sr:SEARCH:MAIN_RSLT_PG|UX433FADH74i78565U|1199|16|14.0|Fry's|"Asus UX433FA-DH74 14'" Laptop With Intel Ci7-8565U Processor, 16GB Memory, 512GB SSD, Windows 10"|192876091821
MSI|Intel® Core™ Core i7-7700HQ NVIDIA GeForce® GTX1070 16GB Memory Gaming Laptop||""|2019-09-28 07:08|https://www.frys.com/product/9053617?site=sr:SEARCH:MAIN_RSLT_PG|GT72VRDOMPRO-448|1899|16|""|Fry's|MSI Intel® Core™ Core i7-7700HQ NVIDIA GeForce® GTX1070 16GB Memory Gaming Laptop|824142138731
Asus|Intel Ci7-8565U||512|2019-09-28 07:08|https://www.frys.com/product/9876335?site=sr:SEARCH:MAIN_RSLT_PG|UX533FDDH74i7-8565U|1399|16|15.6|Fry's|"Asus UX533FD-DH74 15.6'" Laptop With Intel Ci7-8565U Processor, 16GB Memory, 512GB SSD, GTX1050 2GB Graphics, Windows 10"|192876114438
Dell|Intel Pentium N3540||128|2019-09-28 07:08|https://www.frys.com/product/9653673?site=sr:SEARCH:MAIN_RSLT_PG|Latitude11IPN3540|149|4|11.6|Fry's|"Dell Lat.11 11.6'" 3rd Party Refurbished Intel Pentium N3540 Laptop with 4GB Memory, 128GB SSD, Windows 10 **90 Days Warranty**"|696897735721
HP|AMD A12-9700P||2000|2019-09-28 07:08|https://www.frys.com/product/9205599?site=sr:SEARCH:MAIN_RSLT_PG|17-y028|414.07|12|17.3|Fry's|"HP 17-y028 AMD A12-9700P 17.3'" Touchscreen Laptop With 12GB Memory, 2TB Hard Drive, Windows 10 - Green(Refurbished)"|190781661085
Huawei|Intel Ci7-8550U||512|2019-09-28 07:08|https://www.frys.com/product/9572182?site=sr:SEARCH:MAIN_RSLT_PG|53010CAJ|1499|16|13.9|Fry's|"Huawei MateBook X Pro, 13.9'" Touchscreen Laptop with Intel Ci7-8550U Processor, 16GB Memory, 512GB SSD, MX 150 2GB Graphics, Windows 10"|886598055390
Dell|Intel Core m3-6Y30||500|2019-09-28 07:08|https://www.frys.com/product/9120208?site=sr:SEARCH:MAIN_RSLT_PG|i3169-0011RED|324.57|4|11.6|Fry's|"Dell Inspiron 11 Intel Core m3-6Y30 11.6'" 2 in 1 Touchscreen Red Laptop With 4GB Memory, 500GB Hard Drive, Windows 10"|884116217282
HP|Intel® Core™ i7||1000|2019-09-28 07:08|https://www.frys.com/product/9205489?site=sr:SEARCH:MAIN_RSLT_PG|17-x173|499|8|17.3|Fry's|"HP 17-x173, 17.3'" Refurbished Laptop With Intel® Core™ i7 Processor, 8GB Memory, 1TB Hard Drive and Windows 10"|190781814368
Asus|Intel i5-8265U||256|2019-09-28 07:08|https://www.frys.com/product/9876975?site=sr:SEARCH:MAIN_RSLT_PG|UX333FADH51i58265U|849|8|13.3|Fry's|"Asus UX333FA-DH51 13.3'" Laptop With Intel i5-8265U Processor, 8GB Memory, 256GB SSD, Windows 10"|192876197714
Dell|Intel Ci5-8265U||1000|2019-09-28 07:08|https://www.frys.com/product/9852645?site=sr:SEARCH:MAIN_RSLT_PG|Insp145482i5-8265U|599|8|14.0|Fry's|"Dell i5482-5533SLV-PUS 14'" 2-in-1 Touchscreen Laptop With Intel Ci5-8265U Processor, 8GB Memory, 16GB Optane Memory, 1TB Hard Drive, Windows 10"|884116313533
Alienware|""||128|2019-09-28 07:08|https://www.frys.com/product/8998363?site=sr:SEARCH:MAIN_RSLT_PG|AW15R3-3831SLV|1599|""|15.6|Fry's|"Dell AW15-3831 i7-6700HQ 15.6'" Measured Diagonal 16GB, 1TB+128GB SSD GTX1060 6GB, Win 10"|884116253808
Acer|Intel Ci7-6500U||500|2019-09-28 07:08|https://www.frys.com/product/9537552?site=sr:SEARCH:MAIN_RSLT_PG|SNO-NX.VBEAA.003|499|8|14.0|Fry's|"Acer Travelmate TMP248-M-76YA 14'" Laptop with Intel Ci7-6500U Processor,8GB Memory, 500GB Hard Drive, Windows 7 Pro Downgrade right to Windows 10"|888863509287
Alienware|""||256|2019-09-28 07:08|https://www.frys.com/product/8627470?site=sr:SEARCH:MAIN_RSLT_PG|AW17R3-4175SLV|1199|""|17.3|Fry's|Dell AW17 Ci7-6700HQ 17.3 Measured Diagonal 16GB,1TB+256GB SSD GTX 970M 3G, Win10|884116203223
HP|AMD Quad Core E2||""|2019-09-28 07:08|https://www.frys.com/product/8837792?site=sr:SEARCH:MAIN_RSLT_PG|14-an010nr|199|4|14.0|Fry's|"HP 14-an010nr, 14'" Laptop With AMD Quad Core E2 Processor, 4GB Memory, 32GB eMMC Storage and Windows 10"|889899501627
Lenovo|Intel® Atom™ x5-Z8550||""|2019-09-28 07:08|https://www.frys.com/product/9082307?site=sr:SEARCH:MAIN_RSLT_PG|ZA1Y0061US|278.07|2|12.2|Fry's|"Lenovo A12 12.2'" 2-in-1 Laptop with Halo Keyboard Intel® Atom™ x5-Z8550, 2GB RAM, 32GB ROM - Rose Gold"|190940821633
Asus|Intel i7 Full HD Gaming Laptop||""|2019-09-28 07:08|https://www.frys.com/product/8650390?site=sr:SEARCH:MAIN_RSLT_PG|GL752VW-DH74|1149|""|17.3|Fry's|Asus ROG 17.3-inch Intel i7 Full HD Gaming Laptop|889349201862
Asus|AMD A10||1000|2019-09-28 07:08|https://www.frys.com/product/8765061?site=sr:SEARCH:MAIN_RSLT_PG|X555DA-WS11|380|""|""|Fry's|Asus X555DA 15.6 Inch Laptop AMD A10, 8 GB, 1TB HDD, Windows 10|889349313107
HP|AMD Quad Core||500|2019-09-28 07:08|https://www.frys.com/product/9031187?site=sr:SEARCH:MAIN_RSLT_PG|14-an090nr|249|4|14.0|Fry's|"HP 14-an090nr, 14'" Laptop With AMD Quad Core Processor, 4GB Memory, 500GB Hard Drive and Windows 10"|190780345191
Asus|Intel Pentium Quad Core 4GB||""|2019-09-28 07:08|https://www.frys.com/product/8765101?site=sr:SEARCH:MAIN_RSLT_PG|E403SA-US21|359|""|14.0|Fry's|Asus VivoBook Intel Pentium Quad Core 4GB, 128GB eMMC 14-inch Full HD Laptop - Metallic Gray|889349338568
Samsung|""||32|2019-09-28 07:08|https://www.frys.com/product/8974463?site=sr:SEARCH:MAIN_RSLT_PG|XE513C24-K01US|499|4|12.3|Fry's|"Samsung ChromeBK Plus 12.3'" 2-in-1 Chrombook with 4GB Memory and 32GB Storage"|887276183961
HP|Intel Core i7-7500U||1000|2019-09-28 07:08|https://www.frys.com/product/9059967?site=sr:SEARCH:MAIN_RSLT_PG|m6-aq105|553.57|16|15.6|Fry's|"HP m6-aq105 Intel Core i7-7500U, 15.6'" Refurbished Touchscreen Laptop With 16GB Memory, 1TB Hard Drive, Windows 10"|190780864111
Dell|Intel® Core||1000|2019-09-28 07:08|https://www.frys.com/product/9594072?site=sr:SEARCH:MAIN_RSLT_PG|G3779-7927BLK-PUS|999|16|17.3|Fry's|"Dell G3779-7927BLK-PUS, 17.3'" Laptop With Intel® Core'" i7 Processor, 16GB Memory,NVIDIA® GeForce® GTX 1050 Ti, 4GB GDDR5 Graphics Card, 1TB Hard Drive + 128GB Solid-State Drive and Windows 10 Home - Black"|884116293927
Acer|AMD Ryzen 5||1000|2019-09-28 07:08|https://www.frys.com/product/9576592?site=sr:SEARCH:MAIN_RSLT_PG|A315-41-R8UU|499|8|15.6|Fry's|"Acer A315-41-R8UU, 15.6'" Laptop With AMD Ryzen 5 Processor, 8GB Memory, 1TB Hard Drive and Windows 10 Home"|191114639825
HP|Intel Celeron N3060||""|2019-09-28 07:08|https://www.frys.com/product/9099497?site=sr:SEARCH:MAIN_RSLT_PG|11-v002|116.47|4|11.6|Fry's|"HP 11-v002, 11.6'" Refurbished Chromebook With Intel Celeron N3060 Processor, 4GB Memory, 16GB Solid State Drive and Chrome OS"|190781118817
HP|Intel Core i7-6560U||256|2019-09-28 07:08|https://www.frys.com/product/8955383?site=sr:SEARCH:MAIN_RSLT_PG|15-as043|629.07|16|15.6|Fry's|"HP 15-as043 Intel Core i7-6560U 15.6'" Touchscreen Refurbished Laptop With 16GB Memory, 256GB SSD, Windows 10"|190780050750
Asus|Intel Core i7-7820HK||256|2019-09-28 07:08|https://www.frys.com/product/9088837?site=sr:SEARCH:MAIN_RSLT_PG|G701VI-XS72K|2599|32|17.3|Fry's|"Asus G701VI-XS72K Intel Core i7-7820HK, 17.3'" Gaming Laptop With 32GB Memory, 2x256GB SSD, Windows 10 Professional"|889349638095
Lenovo|AMD Ryzen 5 2500U||2000|2019-09-28 07:08|https://www.frys.com/product/9888005?site=sr:SEARCH:MAIN_RSLT_PG|IP330Ryzen52500U|450.07|12|15.6|Fry's|"Lenovo IP 330-15ARR 15.6'" Touchscreen Laptop With AMD Ryzen 5 2500U Processor, 12GB Memory, 2TB Hard Drive, Radeon Vega8 Graphics, Windows 10"|193124218236
Dell|Core m5-6Y57||256|2019-09-28 07:08|https://www.frys.com/product/9773544?site=sr:SEARCH:MAIN_RSLT_PG|Latitude7275|317.57|8|12.5|Fry's|"Dell Latitude 7275 12.5'" Touchscreen Refurbished 2-in-1 Laptop With Core m5-6Y57 Processor, 8GB Memory, 256GB SSD, Windows 10 Professional"|678021760663
Asus|""||""|2019-09-28 07:08|https://www.frys.com/product/8911903?site=sr:SEARCH:MAIN_RSLT_PG|G752VS-XB72K|1899|""|17.3|Fry's|"Asus G752-72K i7-6820HK 17.3'" Measured Diagonal 32GB, 1TB+256GB, DVDRW GTX1070  8GB, Win 10 Pro"|889349463901
Acer|""||""|2019-09-28 07:08|https://www.frys.com/product/9767944?site=sr:SEARCH:MAIN_RSLT_PG|SP111-31N-C4UG|149|4|11.6|Fry's|"Acer Spin1 SP111-31N 11.6'" 2-in-1 Touchscreen Laptop Intel Celeron N3350 Processor, 4GB Memory, 32GB eMMC, Windows 10, OFfice 365 and Stylus Included"|191114173046
Huawei|Intel Ci5-8250U||1000|2019-09-28 07:08|https://www.frys.com/product/9501452?site=sr:SEARCH:MAIN_RSLT_PG|53010BAJ|399|8|15.6|Fry's|"HUAWEI Matebook D 15.6'" Laptop With Intel Ci5-8250U Processor, 8GB Memory, 1TB Hard Drive, NVIDIA MX150 2G Graphics, Windows 10 - 53010BAJ"|886598052443
Dell|Intel Ci5-7200U||1000|2019-09-28 07:08|https://www.frys.com/product/9572672?site=sr:SEARCH:MAIN_RSLT_PG|i3567-5385BLK-PUS|399|8|15.6|Fry's|"Dell Insp.15 15.6'" Laptop With Intel Ci5-7200U Processor, 8GB Memory, 1TB Hard Drive, DVDRW, Windows 10"|884116277385
Lenovo|Intel Core i7-6700HQ||1000|2019-09-28 07:08|https://www.frys.com/product/8861732?site=sr:SEARCH:MAIN_RSLT_PG|Ideapad700|731.17|16|15.6|Fry's|"Lenovo Ideapad 700 Intel Core i7-6700HQ 15.6'" Laptop With 16GB Memory, 1TB Hard Drive + 256GB SSD, Windows 10"|190725431866
LG|""||256|2019-09-28 07:08|https://www.frys.com/product/9206709?site=sr:SEARCH:MAIN_RSLT_PG|14Z970-A.AAS5U1|599|""|14.0|Fry's|"LG 14Z970 Ci5-7200U 14'" Measured Diagonal 8GB, 256GBSSD, Touch Windows 10"|719192611139
Lenovo|Intel Core i7-6500U||""|2019-09-28 07:08|https://www.frys.com/product/8861722?site=sr:SEARCH:MAIN_RSLT_PG|Ideapad510|599|12|15.6|Fry's|"Lenovo Ideapad 510 Intel Core i7-6500U, 15.6'" Laptop With 12GB Memory, 1TB, Windows 10"|190576526193
Dell|Intel® Core™ i7||1000|2019-09-28 07:08|https://www.frys.com/product/9560162?site=sr:SEARCH:MAIN_RSLT_PG|i5570-7337SLV-PUS|599|8|15.6|Fry's|"Dell 15 KBL-R, 15.6'" Laptop With Intel® Core™ i7 Processor, 8GB Memory,Intel® UHD Graphics 620 Graphics Card,1TB Hard Drive and Windows 10 Home - Platinum Silver"|884116294337
MSI|Intel® Core||1000|2019-09-28 07:08|https://www.frys.com/product/9525382?site=sr:SEARCH:MAIN_RSLT_PG|GP73Leopard-001|1004.57|16|17.3|Fry's|"MSI GP73 Leopard-001, 17.3'" Laptop with Intel® Core'" i7 Processor, 16GB Memory, NVIDIA GeForce® GTX1050TI 4G GDDR5 Graphics Card, 1TB Hard Drive + 128GB Solid State Drive and Windows 10"|824142159859
Acer|Intel Ci7-8750H||1000|2019-09-28 07:08|https://www.frys.com/product/9658243?site=sr:SEARCH:MAIN_RSLT_PG|PH315-51-71FS|989|8|15.6|Fry's|"Acer PH315-71FS 15.6'" Gaming Laptop With Intel Ci7-8750H Processor, 8GB Memory, 1TB Hard Drive, GTX1060 6GB Graphics, Windows 10, NH.Q3FAA.007"|191114870013
HP|""||""|2019-09-28 07:08|https://www.frys.com/product/9240609?site=sr:SEARCH:MAIN_RSLT_PG|14-bw065nr|179|4|14.0|Fry's|"HP 14-bw065nr E2-9000e 14'" Laptop With 4GB Memory, 32eMMC, Windows 10"|191628043842
Dell|AMD Ryzen 5 2500U||1000|2019-09-28 07:08|https://www.frys.com/product/9502932?site=sr:SEARCH:MAIN_RSLT_PG|i5575-A347SLV-PUS|599|16|15.6|Fry's|"Dell AMD Ryzen 5 2500U 15.6'" Touchscreen Laptop With 16GB Memory, 1TB Hard Drive, DVDRW Windows 10"|884116293347
HP|Intel Celeron N3060||""|2019-09-28 07:08|https://www.frys.com/product/9424821?site=sr:SEARCH:MAIN_RSLT_PG|14-ax050nr|199|4|14.0|Fry's|"HP 14-ax050nr 14'" Stream Book Purple Laptop With Intel Celeron N3060 Processor, 4GB Memory, 64GB eMMC, Windows 10 - MS Office 365 included"|192018001930
Dell|Intel® Core||1000|2019-09-28 07:08|https://www.frys.com/product/9572562?site=sr:SEARCH:MAIN_RSLT_PG|G5587-7835BLK-PUS|908.07|16|15.6|Fry's|"Dell G5587-7835BLK-PUS, 15.6'" Laptop With Intel® Core'" i7 Processor, 16GB Memory,NVIDIA® GeForce® GTX 1050 Ti, 4GB GDDR5 Graphics Card,1TB Hard Drive + 256GB Solid-State Drive and Windows 10 Home - Black"|884116293835
Lenovo|Intel® Core™ i7||""|2019-09-28 07:08|https://www.frys.com/product/8861702?site=sr:SEARCH:MAIN_RSLT_PG|Flex4-15|699|16|15.6|Fry's|"Lenovo Flex4-15, 15.6'" Touchscreen Convertible Laptop With Intel® Core™ i7 Processor, 16GB Memory, 256GB Solid-State D"|190576402855
Lenovo|AMD FX-8800P||1000|2019-09-28 07:08|https://www.frys.com/product/8861652?site=sr:SEARCH:MAIN_RSLT_PG|Y700|599|12|15.6|Fry's|"Lenovo Y700 AMD FX-8800P 15.6'" Laptop with 12GB Memory, 1TB Hard Drive, Windows 10"|190576955054
Dell|2GB Memory||32|2019-09-28 07:08|https://www.frys.com/product/8519169?site=sr:SEARCH:MAIN_RSLT_PG|i3452-5600BLK|99|2|14.0|Fry's|"New Dell Inspiron 14'" Intel Celeron Laptop with 2GB Memory, 32GB SSD with Windows 10"|884116168027
Dell|Intel Ci5-5200U||1000|2019-09-28 07:08|https://www.frys.com/product/8860332?site=sr:SEARCH:MAIN_RSLT_PG|i3558-14590BLK|377|8|15.6|Fry's|"Dell Inspiron 15 Intel Ci5-5200U, 15.6'" Laptop With 8GB Memory, 1TB Hard Drive, Windows 10"|884116216667
Dell|Intel Celeron N3050||32|2019-09-28 07:08|https://www.frys.com/product/8977553?site=sr:SEARCH:MAIN_RSLT_PG|i3162-2040BLU|137|2|11.6|Fry's|"Dell Inspiron 11 Intel Celeron N3050 11.6'" Laptop With 2GB Memory, 32GB Storage, Windows 10"|884116219941
Dell|Intel Pentium N3710||500|2019-09-28 07:08|https://www.frys.com/product/8860292?site=sr:SEARCH:MAIN_RSLT_PG|i3168-3271BLU|277|4|11.6|Fry's|"Dell Insprion 11 Intel Pentium N3710, 11.6'" Touchscreen Convertible Laptop With 4GB Memory, 500GB Hard Drive, Windows 10"|884116217367
Lenovo|Intel Core i5-5200U||1000|2019-09-28 07:08|https://www.frys.com/product/8862092?site=sr:SEARCH:MAIN_RSLT_PG|Ideapad100|299|4|15.6|Fry's|"Lenovo Ideapad 100 Intel Core i5-5200U, 15.6'" Laptop With 4GB Memory, 1TB Hard Drive, Windows 10"|190151712348
Asus|Intel 7th Generation Core i5-7200U||1000|2019-09-28 07:08|https://www.frys.com/product/9101798?site=sr:SEARCH:MAIN_RSLT_PG|R518UA-RS51T|449|8|15.6|Fry's|"Asus R518UA-RS51T Intel 7th Generation Core i5-7200U, 15.6'" 2 -in-1 Laptop With 8GB Memory, 1TB Hard Drive, Windows 10"|889349653890
Lenovo|AMD A4-7210||500|2019-09-28 07:08|https://www.frys.com/product/8862082?site=sr:SEARCH:MAIN_RSLT_PG|Ideapad110|178.07|4|15.6|Fry's|"Lenovo Ideapad 110 AMD A4-7210 15.6'" Laptop With 4GB Memory, 500GB Hard Drive, Windows 10"|190576524373
Acer|Intel Cel.N3350||500|2019-09-28 07:08|https://www.frys.com/product/9341870?site=sr:SEARCH:MAIN_RSLT_PG|Aspire3A315-31-C514|218|4|15.6|Fry's|"Acer Aspire3 A315-31-C514, 15.6'" Laptop With Intel Cel.N3350, 4GB Memory, 500GB Hard Drive, Windows 10"|191114251416
Dell|Intel Celeron N3050||32|2019-09-28 07:08|https://www.frys.com/product/9014057?site=sr:SEARCH:MAIN_RSLT_PG|i3452-0200BLK|149|2|14.0|Fry's|"Dell Iris 14 Intel Celeron N3050 14'" Laptop With 2GB Memory, 32GB Storage, Windows 10"|884116218753
Asus|Intel Core i7-6500||1000|2019-09-28 07:08|https://www.frys.com/product/8928353?site=sr:SEARCH:MAIN_RSLT_PG|X556UR-FB72|499|16|15.6|Fry's|"Asus X556UR-FB72 15.6'" with Intel Core i7-6500 Processor,16GB Memory, 1TB Hard Drive, Windows 10"|889349475225
Asus|Intel Core i7-6500U||1000|2019-09-28 07:08|https://www.frys.com/product/8981233?site=sr:SEARCH:MAIN_RSLT_PG|X541UA-RH71|399|12|15.6|Fry's|"Asus X541-RH71 15.6'" Laptop With Intel Core i7-6500U, 12GB Memory, 1TB Hard Drive, Windows 10"|889349526217
Dell|Intel Ci7-6500U  ||1000|2019-09-28 07:08|https://www.frys.com/product/8849602?site=sr:SEARCH:MAIN_RSLT_PG|i5559-8013SLV|599|16|15.6|Fry's|"Dell Inspiron 15, 15.6'" Touchscreen Laptop With 16GB Memory,Intel Ci7-6500U 1TB Hard Drive, Windows 10"|884116203537
HP|Intel Celeron N3060||""|2019-09-28 07:08|https://www.frys.com/product/9789064?site=sr:SEARCH:MAIN_RSLT_PG|5MP95UA#ABA|149|4|14.0|Fry's|"HP 14-cb010nr 14'" Streambook With Intel Celeron N3060 Processor, 4GB Memory, 32GB eMMC, Windows 10 Home in S mode - Aqua Blue, Office 365 Personal 1Yr."|193424190409
Dell|AMD FX-9800P||1000|2019-09-28 07:08|https://www.frys.com/product/9333760?site=sr:SEARCH:MAIN_RSLT_PG|i5565-A901RED-PUS|298|8|15.6|Fry's|"Dell i5565-A901RED, 15.6'" Laptop with AMD FX-9800P Processor, 8GB Memory, 1TB Hard Drive and Windows 10 - Red"|884116255901
Lenovo|Intel Core i3-5020U||500|2019-09-28 07:08|https://www.frys.com/product/8597939?site=sr:SEARCH:MAIN_RSLT_PG|80QQ002DUS|219.07|4|15.6|Fry's|"Lenovo IdeaPad 100, Intel Core i3-5020U, 15.6'" Laptop With 4GB Memory, 500GB Hard Drive, Windows 10"|889955105943
HP|Intel® Core™ i7||1000|2019-09-28 07:08|https://www.frys.com/product/8837012?site=sr:SEARCH:MAIN_RSLT_PG|15au030nr|499|12|15.6|Fry's|"HP 15au030nr, 15.6'" Touchscreen Laptop With Intel® Core™ i7 Processor, 12GB Memory, 1TB Hard Drive and Windows 10"|889899504307
Asus|""||""|2019-09-28 07:08|https://www.frys.com/product/8911883?site=sr:SEARCH:MAIN_RSLT_PG|G752VM-RB71|999|""|17.3|Fry's|"Asus G752-RB71 i7-6700HQ 17.3'" Measured Diagonal 16GB, 1TB, DVDRW GTX1060  6GB, Win 10"|889349491928
HP|Intel Ci7-8550U||256|2019-09-28 07:08|https://www.frys.com/product/9648063?site=sr:SEARCH:MAIN_RSLT_PG|13-af012Ci7-8550U|499|8|13.3|Fry's|"HP Spectre 13-af012 13.3'" Refurbished Touchscreen Laptop With Intel Ci7-8550U Processor, 8GB Memory, 256GB SSD, Windows 10"|192018107984
HP|Intel Ci5-7200U||128|2019-09-28 07:08|https://www.frys.com/product/9228719?site=sr:SEARCH:MAIN_RSLT_PG|ENVY13-ad065nr|499|8|13.3|Fry's|"HP 13-ad065nr 13.3'" Laptop with Intel Ci5-7200U Processor, 8GB Memory, 128GB SSD, B&O, Windows 10"|191628223763
Asus|Intel Ci7-6700HQ||512|2019-09-28 07:08|https://www.frys.com/product/8692690?site=sr:SEARCH:MAIN_RSLT_PG|UX501VW-DS71T|798|""|15.6|Fry's|"Asus 15.6'" UX501 4k Touchscreen Laptop with Intel Ci7-6700HQ Processor, 6GB, 512GB SSD, Touch GTX960M 2G, Win 10"|889349251362
Dell|Intel Core m3-6Y30||500|2019-09-28 07:08|https://www.frys.com/product/8849482?site=sr:SEARCH:MAIN_RSLT_PG|i3169-0010BLU|266.2|4|11.6|Fry's|"Dell Inspiron 11 Intel Core m3-6Y30 11.6'" Convertible Touchscreen Laptop With 4GB Memory, 500GB Hard Drive, Windows 10"|884116217275
MSI|Intel Core i7-5700HQ||1000|2019-09-28 07:08|https://www.frys.com/product/8602220?site=sr:SEARCH:MAIN_RSLT_PG|GE62ApachePro-413|699|16|15.6|Fry's|"MSI GE62 Apache Pro-413, Intel Core i7-5700HQ, 15.6'" Laptop With 16GB Memory, 1TB Hard Drive + 128GB SSD,NVIDIA® Geforce GTX970M Graphics and Windows 10"|824142120989
Asus|Intel Celeron N3350||""|2019-09-28 07:08|https://www.frys.com/product/9711354?site=sr:SEARCH:MAIN_RSLT_PG|C223NA-DH02-GR|132.97|4|11.6|Fry's|"Asus C223NA-GR 11.6'" Chromebook With Intel Celeron N3350 Processor, 4GB Memory, 32GB eMMC, Chrome OS"|192876071816
Lenovo|Intel Ci7-5600U||256|2019-09-28 07:08|https://www.frys.com/product/8610590?site=sr:SEARCH:MAIN_RSLT_PG|20DL0075US|699|8|12.5|Fry's|"Lenovo ThinkPad Yoga 12, Intel Ci7-5600U, 12.5'" Touchscreen Convertible Laptop With 8GB Memory, 256GB SSD, Windows 10 Pro"|889800477362
Alienware|Intel Core i7||1000|2019-09-28 07:08|https://www.frys.com/product/9560272?site=sr:SEARCH:MAIN_RSLT_PG|AW15R4-7675SLV-PUS|899|16|15.6|Fry's|"Dell Alienware AW15R4-7675SLV-PUS, 15.6'" Gaming Laptop With Intel Core i7 Processor, 16GB Memory, 1TB Hard Drive + 8GB Solid-State Drive and Windows 10"|884116293675
Dell|Intel® Celeron||32|2019-09-28 07:08|https://www.frys.com/product/8860432?site=sr:SEARCH:MAIN_RSLT_PG|i3168-0028BLU|149|2|11.6|Fry's|"Dell i3168-0028BLU, 11.6'",2-in-1 Touchscreen Laptop with Intel® Celeron Processor, 2GB Memory, 32GB Hard Drive and Windows 1"|884116217299
Acer|AMD A4||1000|2019-09-28 07:08|https://www.frys.com/product/9341850?site=sr:SEARCH:MAIN_RSLT_PG|A315-21-4098|199|8|15.6|Fry's|"Acer A315-21-4098, 15.6'" Laptop with AMD A4 Processor, 8 GB Memory, 1TB Hard Drive and Windows 10 Home"|191114445129
HP|""||""|2019-09-28 07:08|https://www.frys.com/product/9394610?site=sr:SEARCH:MAIN_RSLT_PG|10-p020nr|149|2|10.1|Fry's|"HP 10-p020nr IA x5-Z8350 10.1'" Screen With 2GB Memory, 32GB eMMC, Touch, 2 in 1, Windows 10"|190780619896
Lenovo|Intel Atom x5-Z8550||64|2019-09-28 07:08|https://www.frys.com/product/9082317?site=sr:SEARCH:MAIN_RSLT_PG|ZA0V0035US|199|4|10.1|Fry's|"Lenovo Yoga Book 10.1'" 2 in 1 with Intel Atom x5-Z8550 Processor, 4GB RAM, 64GB Storage, Android 6.0 - Color Grey"|190151294462
HP|""||16|2019-09-28 07:08|https://www.frys.com/product/9273839?site=sr:SEARCH:MAIN_RSLT_PG|HPChromebook11|49|2|11.6|Fry's|"HP CB11 11.6'" Refurbished Laptop With 2GB Memory, 16GB SSD, Chrome OS KIT-HP-28988"|602573289884
Asus|Intel i5||""|2019-09-28 07:08|https://www.frys.com/product/8943793?site=sr:SEARCH:MAIN_RSLT_PG|UX310UA-RB52|245.75|8|13.3|Fry's|Asus Zenbook 13.3-inch Full HD IPS Laptop 8GB 1TB HDD Windows 10 Home Intel i5   - Aluminum|889349421444
